[{"model": "spla.subweapon", "pk": 0, "fields": {"name": "スプラッシュボム", "explanation": "投擲すると着地したあと爆発して敵を倒せるボム。遠距離の敵に投げたり近くに転がして敵を引っ掛けたりできる。", "image": ""}}, {"model": "spla.subweapon", "pk": 1, "fields": {"name": "キューバンボム", "explanation": "投擲すると壁、天井、床にくっついて爆発するボム。攻撃範囲が広く、敵を追い払うのに向いている。", "image": ""}}, {"model": "spla.subweapon", "pk": 2, "fields": {"name": "クイックボム", "explanation": "投げて敵や壁などに直接ぶつけ、爆発させるボム。威力は低いが素早く足元を塗ったり、メインウェポンとの連携に使える。", "image": ""}}, {"model": "spla.subweapon", "pk": 3, "fields": {"name": "カーリングボム", "explanation": "地面を滑らせるボム。溜めなしだと速度が早く、移動手段に使える。長く溜めるほど近距離で爆発し、眼下の敵を倒すのに便利。", "image": ""}}, {"model": "spla.subweapon", "pk": 4, "fields": {"name": "ロボットボム", "explanation": "投げると着地地点から一定範囲の敵をロックオンして追跡、爆破。乱戦に投げ込んで事故を誘発したり、高台に居座る敵を追い払える。", "image": ""}}, {"model": "spla.subweapon", "pk": 5, "fields": {"name": "タンサンボム", "explanation": "Ver.4.1アップデートで新登場。小刻みに動いてパワーを溜めると、投げた時に塗れる道の範囲と爆発する回数が増える。", "image": ""}}, {"model": "spla.subweapon", "pk": 6, "fields": {"name": "トーピード", "explanation": "Ver.4.2アップデートで新登場。相手の近くに投げると空中で変形し、相手をめがけて飛んでいく。その後、周りに小爆発を起こす。", "image": ""}}, {"model": "spla.subweapon", "pk": 7, "fields": {"name": "トラップ", "explanation": "その場に設置して、敵が近づくと爆発。攻撃とマーキングをする。裏取りする敵を事前に察知したり、メインウェポンと連携を図るのに便利。", "image": ""}}, {"model": "spla.subweapon", "pk": 8, "fields": {"name": "ポイズンミスト", "explanation": "投げると毒霧を展開し、中の敵は移動速度がダウン、インクが減っていく。道を封鎖したり敵を追い払うのに有用。", "image": ""}}, {"model": "spla.subweapon", "pk": 9, "fields": {"name": "ポイントセンサー", "explanation": "投げると一定範囲の敵をマーキングする。クリアリング用途や、マーキングした敵に不意打ちしたりできる。", "image": ""}}, {"model": "spla.subweapon", "pk": 10, "fields": {"name": "スプラッシュシールド", "explanation": "目の前にシャワー状のシールドを展開する。後ろから一方的に攻撃しよう。", "image": ""}}, {"model": "spla.subweapon", "pk": 11, "fields": {"name": "ジャンプビーコン", "explanation": "その場に設置すると、味方や自分がスーパージャンプできる。前線にすばやく味方を送り込める。", "image": ""}}, {"model": "spla.subweapon", "pk": 12, "fields": {"name": "スプリンクラー", "explanation": "投げるとキューバンボムのようにくっつき、インクを撒き散らす。細かい自陣塗りに有用。", "image": ""}}, {"model": "spla.special", "pk": 0, "fields": {"name": "マルチミサイル", "explanation": "照準に入れた敵に向かって復数のミサイルを撃ち込む。ダメージを受けた敵をメインで追撃しよう。ミサイル発射中は照準に入れた敵の数に応じて硬直時間が長くなる。", "image": ""}}, {"model": "spla.special", "pk": 1, "fields": {"name": "ハイパープレッサー", "explanation": "地形を貫通する高圧インクを放つ。攻撃していない間はサーマルインク効果で相手の位置も分かる。ホコやヤグラを止めるのにとても強力だが、機動力が低くほとんど棒立ちに近い。", "image": ""}}, {"model": "spla.special", "pk": 2, "fields": {"name": "ジェットパック", "explanation": "ジェットで空中に浮遊して、爆発する弾を撃ち出す。真下に放出されているジェットで地形を飛び越えることもできる。", "image": ""}}, {"model": "spla.special", "pk": 3, "fields": {"name": "スーパーチャクチ", "explanation": "その場で跳び上がり、勢いよく着地して爆発を起こす。スーパージャンプ中でも使える。これで敵を追撃したり、逆にチャクチの後に追撃を入れられる。ただし飛び上がっている最中は無防備。", "image": ""}}, {"model": "spla.special", "pk": 4, "fields": {"name": "インクアーマー", "explanation": "自分を含めた味方全員にアーマーを付与し、一定のダメージを肩代わりしてくれる。自分のインク回復にも便利だが、一定以上のダメージを受けると貫通し、大きく後方へ弾き飛ばされてしまう。", "image": ""}}, {"model": "spla.special", "pk": 5, "fields": {"name": "ボムピッチャー(スプラッシュボム)", "explanation": "スプラッシュボムを連続で投げられる、単純明快なスペシャル。エリアの制圧、ホコバリア割り、果てはインク回復まで可能。なお、前作ボムラッシュと違いサブウェポンのボムを投げるわけではない。", "image": ""}}, {"model": "spla.special", "pk": 6, "fields": {"name": "ボムピッチャー(キューバンボム)", "explanation": "キューバンボムを連続で投げられる、単純明快なスペシャル。エリアの制圧、ホコバリア割り、果てはインク回復まで可能。なお、前作ボムラッシュと違いサブウェポンのボムを投げるわけではない。", "image": ""}}, {"model": "spla.special", "pk": 7, "fields": {"name": "ボムピッチャー(クイックボム)", "explanation": "クイックボムを連続で投げられる、単純明快なスペシャル。エリアの制圧、ホコバリア割り、果てはインク回復まで可能。なお、前作ボムラッシュと違いサブウェポンのボムを投げるわけではない。", "image": ""}}, {"model": "spla.special", "pk": 8, "fields": {"name": "ボムピッチャー(カーリングボム)", "explanation": "カーリングボムを連続で投げられる、単純明快なスペシャル。エリアの制圧、ホコバリア割り、果てはインク回復まで可能。なお、前作ボムラッシュと違いサブウェポンのボムを投げるわけではない。", "image": ""}}, {"model": "spla.special", "pk": 9, "fields": {"name": "ボムピッチャー(ロボットボム)", "explanation": "ロボットボムを連続で投げられる、単純明快なスペシャル。エリアの制圧、ホコバリア割り、果てはインク回復まで可能。なお、前作ボムラッシュと違いサブウェポンのボムを投げるわけではない。", "image": ""}}, {"model": "spla.special", "pk": 10, "fields": {"name": "アメフラシ", "explanation": "投げると雨雲を生み出し、真下をまばらに塗りながらスリップダメージを与える。エリアを塗ったり、ダメージを受けた敵をメインウェポンで追撃したりと応用が効く。", "image": ""}}, {"model": "spla.special", "pk": 11, "fields": {"name": "イカスフィア", "explanation": "ボールの中に入り、コロコロ転がっていき、ZR長押しで爆発。油断している敵を不意打ちしたり、ヤグラを死守するのに有効。攻撃を受け続けると壊れるので無敵ではない。", "image": ""}}, {"model": "spla.special", "pk": 12, "fields": {"name": "バブルランチャー", "explanation": "巨大なバブルを3つ生み出し、攻撃すると割って爆破する。エリアを制圧したり、アサリを無理やりねじ込むのに強力。ただし、相手の攻撃を受けるとバブルがしぼみ、消滅してしまう。", "image": ""}}, {"model": "spla.special", "pk": 13, "fields": {"name": "ナイスダマ", "explanation": "Ver.4.1から新登場。力を溜めて作ったインクの塊を投げつけ大爆発を起こす。自分や味方の「ナイス！」でパワーがすばやく溜まる。「ナイス！」を送った仲間は、少しスペシャルゲージが増える。", "image": ""}}, {"model": "spla.special", "pk": 14, "fields": {"name": "ウルトラハンコ", "explanation": "Ver.4.2から新登場。大型のピコピコハンマーのようなハンコを地面に叩き付けながら前進して攻撃する。時間内であればRボタンを押す事でハンコを投げ、敵を一撃で倒す事もできるが、その時点でスペシャルは終了してしまう。", "image": ""}}, {"model": "spla.weapon_class", "pk": 0, "fields": {"name": "シューター", "explanation": "ZR長押しでオート連射できるブキ。標準的で扱いやすい。"}}, {"model": "spla.weapon_class", "pk": 1, "fields": {"name": "ブラスター", "explanation": "直線に飛んでいく弾が一定距離で爆発。障害物の向こう側も攻撃できる。連射は低め。"}}, {"model": "spla.weapon_class", "pk": 2, "fields": {"name": "リールガン", "explanation": "シューターの亜種。ZR長押しで連射できず、1トリガーで3点バーストする。操作が難しい分、性能は高い。"}}, {"model": "spla.weapon_class", "pk": 3, "fields": {"name": "ボトルガイザー", "explanation": "シューターの亜種。ZR連打と長押しで性能が変わる。やはり操作が難しい分性能は高い。"}}, {"model": "spla.weapon_class", "pk": 4, "fields": {"name": "チャージャー", "explanation": "ZRを長押ししてチャージし、離すと射撃するスナイパー。遠距離の敵を瞬殺できるが、正確に狙いを付ける必要がある。"}}, {"model": "spla.weapon_class", "pk": 5, "fields": {"name": "ローラー", "explanation": "振りかぶって敵に叩きつけるように使う。連射が遅い分威力が高い。ZR長押しでコロコロ転がしてきれいに塗れる。"}}, {"model": "spla.weapon_class", "pk": 6, "fields": {"name": "フデ", "explanation": "ZR長押しの塗り進みはイカダッシュに匹敵する速度で、敵陣地でもスイスイ動ける。攻撃は主にZR連打。"}}, {"model": "spla.weapon_class", "pk": 7, "fields": {"name": "スピナー", "explanation": "チャージャーのようにチャージ。ZRを離すと機関銃のごとき連射で弾幕を遠距離まで張れる。"}}, {"model": "spla.weapon_class", "pk": 8, "fields": {"name": "スロッシャー", "explanation": "バケツや洗濯機、バスタブなどの器からインクを放つブキ。特殊なブキが多く特徴を掴みづらいが、曲射が得意な傾向にある。"}}, {"model": "spla.weapon_class", "pk": 9, "fields": {"name": "マニューバー", "explanation": "二丁拳銃。ZRを押しながらBで2回(種類によっては4回、又はインクがある限り無限)までスライドができる。スライド後の射撃は強力。"}}, {"model": "spla.weapon_class", "pk": 10, "fields": {"name": "シェルター", "explanation": "ZRでショットガンのように散弾を放つ。ZR長押しで傘を展開し、身を守れる。"}}, {"model": "spla.weight", "pk": 0, "fields": {"name": "軽"}}, {"model": "spla.weight", "pk": 1, "fields": {"name": "中"}}, {"model": "spla.weight", "pk": 2, "fields": {"name": "重"}}, {"model": "spla.main", "pk": 0, "fields": {"name": "わかばシューター", "weapon_class": 0, "weight": 0, "explanation": "特になし", "image": ""}}, {"model": "spla.main", "pk": 1, "fields": {"name": "スプラシューター", "weapon_class": 0, "weight": 1, "explanation": "特になし", "image": ""}}, {"model": "spla.main", "pk": 2, "fields": {"name": "プライムシューター", "weapon_class": 0, "weight": 1, "explanation": "特になし", "image": ""}}, {"model": "spla.main", "pk": 3, "fields": {"name": ".52ガロン", "weapon_class": 0, "weight": 1, "explanation": "特になし", "image": ""}}, {"model": "spla.main", "pk": 4, "fields": {"name": ".96ガロン", "weapon_class": 0, "weight": 1, "explanation": "特になし", "image": ""}}, {"model": "spla.main", "pk": 5, "fields": {"name": "ジェットスイーパー", "weapon_class": 0, "weight": 1, "explanation": "特になし", "image": ""}}, {"model": "spla.main", "pk": 6, "fields": {"name": "ボールドマーカー", "weapon_class": 0, "weight": 0, "explanation": "特になし", "image": ""}}, {"model": "spla.main", "pk": 7, "fields": {"name": "シャープマーカー", "weapon_class": 0, "weight": 0, "explanation": "特になし", "image": ""}}, {"model": "spla.main", "pk": 8, "fields": {"name": "N-ZAP85", "weapon_class": 0, "weight": 0, "explanation": "特になし", "image": ""}}, {"model": "spla.main", "pk": 9, "fields": {"name": "プロモデラーMG", "weapon_class": 0, "weight": 0, "explanation": "特になし", "image": ""}}, {"model": "spla.main", "pk": 10, "fields": {"name": "ホットブラスター", "weapon_class": 1, "weight": 1, "explanation": "特になし", "image": ""}}, {"model": "spla.main", "pk": 11, "fields": {"name": "ロングブラスター", "weapon_class": 1, "weight": 1, "explanation": "特になし", "image": ""}}, {"model": "spla.main", "pk": 12, "fields": {"name": "ラピッドブラスター", "weapon_class": 1, "weight": 1, "explanation": "特になし", "image": ""}}, {"model": "spla.main", "pk": 13, "fields": {"name": "Rブラスターエリート", "weapon_class": 1, "weight": 1, "explanation": "特になし", "image": ""}}, {"model": "spla.main", "pk": 14, "fields": {"name": "ノヴァブラスター", "weapon_class": 1, "weight": 0, "explanation": "特になし", "image": ""}}, {"model": "spla.main", "pk": 15, "fields": {"name": "クラッシュブラスター", "weapon_class": 1, "weight": 0, "explanation": "特になし", "image": ""}}, {"model": "spla.main", "pk": 16, "fields": {"name": "L3リールガン", "weapon_class": 2, "weight": 1, "explanation": "特になし", "image": ""}}, {"model": "spla.main", "pk": 17, "fields": {"name": "H3リールガン", "weapon_class": 2, "weight": 1, "explanation": "特になし", "image": ""}}, {"model": "spla.main", "pk": 18, "fields": {"name": "ボトルガイザー", "weapon_class": 3, "weight": 1, "explanation": "特になし", "image": ""}}, {"model": "spla.main", "pk": 19, "fields": {"name": "スプラローラー", "weapon_class": 5, "weight": 1, "explanation": "特になし", "image": ""}}, {"model": "spla.main", "pk": 20, "fields": {"name": "カーボンローラー", "weapon_class": 5, "weight": 0, "explanation": "特になし", "image": ""}}, {"model": "spla.main", "pk": 21, "fields": {"name": "ヴァリアブルローラー", "weapon_class": 5, "weight": 1, "explanation": "特になし", "image": ""}}, {"model": "spla.main", "pk": 22, "fields": {"name": "ダイナモローラー", "weapon_class": 5, "weight": 2, "explanation": "特になし", "image": ""}}, {"model": "spla.main", "pk": 23, "fields": {"name": "パブロ", "weapon_class": 6, "weight": 0, "explanation": "特になし", "image": ""}}, {"model": "spla.main", "pk": 24, "fields": {"name": "ホクサイ", "weapon_class": 6, "weight": 1, "explanation": "特になし", "image": ""}}, {"model": "spla.main", "pk": 25, "fields": {"name": "スプラチャージャー", "weapon_class": 4, "weight": 1, "explanation": "特になし", "image": ""}}, {"model": "spla.main", "pk": 26, "fields": {"name": "スプラスコープ", "weapon_class": 4, "weight": 1, "explanation": "特になし", "image": ""}}, {"model": "spla.main", "pk": 27, "fields": {"name": "リッター4K", "weapon_class": 4, "weight": 2, "explanation": "特になし", "image": ""}}, {"model": "spla.main", "pk": 28, "fields": {"name": "4Kスコープ", "weapon_class": 4, "weight": 2, "explanation": "特になし", "image": ""}}, {"model": "spla.main", "pk": 29, "fields": {"name": "ソイチューバー", "weapon_class": 4, "weight": 1, "explanation": "特になし", "image": ""}}, {"model": "spla.main", "pk": 30, "fields": {"name": "スクイックリンα", "weapon_class": 4, "weight": 1, "explanation": "特になし", "image": ""}}, {"model": "spla.main", "pk": 31, "fields": {"name": "14式竹筒銃・甲", "weapon_class": 4, "weight": 0, "explanation": "特になし", "image": ""}}, {"model": "spla.main", "pk": 32, "fields": {"name": "バケットスロッシャー", "weapon_class": 8, "weight": 1, "explanation": "特になし", "image": ""}}, {"model": "spla.main", "pk": 33, "fields": {"name": "ヒッセン", "weapon_class": 8, "weight": 0, "explanation": "特になし", "image": ""}}, {"model": "spla.main", "pk": 34, "fields": {"name": "スクリュースロッシャー", "weapon_class": 8, "weight": 1, "explanation": "特になし", "image": ""}}, {"model": "spla.main", "pk": 35, "fields": {"name": "オーバーフロッシャー", "weapon_class": 8, "weight": 1, "explanation": "特になし", "image": ""}}, {"model": "spla.main", "pk": 36, "fields": {"name": "エクスプロッシャー", "weapon_class": 8, "weight": 2, "explanation": "特になし", "image": ""}}, {"model": "spla.main", "pk": 37, "fields": {"name": "バレルスピナー", "weapon_class": 7, "weight": 1, "explanation": "特になし", "image": ""}}, {"model": "spla.main", "pk": 38, "fields": {"name": "スプラスピナー", "weapon_class": 7, "weight": 1, "explanation": "特になし", "image": ""}}, {"model": "spla.main", "pk": 39, "fields": {"name": "ハイドラント", "weapon_class": 7, "weight": 2, "explanation": "特になし", "image": ""}}, {"model": "spla.main", "pk": 40, "fields": {"name": "クーゲルシュライバー", "weapon_class": 7, "weight": 1, "explanation": "特になし", "image": ""}}, {"model": "spla.main", "pk": 41, "fields": {"name": "ノーチラス47", "weapon_class": 7, "weight": 1, "explanation": "特になし", "image": ""}}, {"model": "spla.main", "pk": 42, "fields": {"name": "スプラマニューバー", "weapon_class": 9, "weight": 1, "explanation": "特になし", "image": ""}}, {"model": "spla.main", "pk": 43, "fields": {"name": "スパッタリー", "weapon_class": 9, "weight": 0, "explanation": "特になし", "image": ""}}, {"model": "spla.main", "pk": 44, "fields": {"name": "デュアルスイーパー", "weapon_class": 9, "weight": 1, "explanation": "特になし", "image": ""}}, {"model": "spla.main", "pk": 45, "fields": {"name": "ケルビン525", "weapon_class": 9, "weight": 1, "explanation": "特になし", "image": ""}}, {"model": "spla.main", "pk": 46, "fields": {"name": "クアッドホッパーブラック", "weapon_class": 9, "weight": 1, "explanation": "特になし", "image": ""}}, {"model": "spla.main", "pk": 47, "fields": {"name": "パラシェルター", "weapon_class": 10, "weight": 1, "explanation": "特になし", "image": ""}}, {"model": "spla.main", "pk": 48, "fields": {"name": "キャンピングシェルター", "weapon_class": 10, "weight": 2, "explanation": "特になし", "image": ""}}, {"model": "spla.main", "pk": 49, "fields": {"name": "スパイガジェット", "weapon_class": 10, "weight": 0, "explanation": "特になし", "image": ""}}, {"model": "spla.weapon", "pk": 0, "fields": {"name": "わかばシューター", "main": 0, "sub": 0, "special": 4, "sp_point": 180, "image": ""}}, {"model": "spla.weapon", "pk": 1, "fields": {"name": "もみじシューター", "main": 0, "sub": 4, "special": 10, "sp_point": 160, "image": ""}}, {"model": "spla.weapon", "pk": 2, "fields": {"name": "おちばシューター", "main": 0, "sub": 6, "special": 12, "sp_point": 190, "image": ""}}, {"model": "spla.weapon", "pk": 3, "fields": {"name": "スプラシューター", "main": 1, "sub": 2, "special": 3, "sp_point": 170, "image": ""}}, {"model": "spla.weapon", "pk": 4, "fields": {"name": "スプラシューターコラボ", "main": 1, "sub": 0, "special": 2, "sp_point": 200, "image": ""}}, {"model": "spla.weapon", "pk": 5, "fields": {"name": "スプラシューターベッチュー", "main": 1, "sub": 1, "special": 0, "sp_point": 180, "image": ""}}, {"model": "spla.weapon", "pk": 6, "fields": {"name": "プライムシューター", "main": 2, "sub": 9, "special": 10, "sp_point": 170, "image": ""}}, {"model": "spla.weapon", "pk": 7, "fields": {"name": "プライムシューターコラボ", "main": 2, "sub": 1, "special": 12, "sp_point": 190, "image": ""}}, {"model": "spla.weapon", "pk": 8, "fields": {"name": "プライムシューターベッチュー", "main": 2, "sub": 0, "special": 13, "sp_point": 210, "image": ""}}, {"model": "spla.weapon", "pk": 9, "fields": {"name": ".52ガロン", "main": 3, "sub": 9, "special": 11, "sp_point": 170, "image": ""}}, {"model": "spla.weapon", "pk": 10, "fields": {"name": ".52ガロンデコ", "main": 3, "sub": 3, "special": 1, "sp_point": 190, "image": ""}}, {"model": "spla.weapon", "pk": 11, "fields": {"name": ".52ガロンベッチュー", "main": 3, "sub": 10, "special": 13, "sp_point": 190, "image": ""}}, {"model": "spla.weapon", "pk": 12, "fields": {"name": ".96ガロン", "main": 4, "sub": 12, "special": 4, "sp_point": 190, "image": ""}}, {"model": "spla.weapon", "pk": 13, "fields": {"name": ".96ガロンデコ", "main": 4, "sub": 10, "special": 3, "sp_point": 170, "image": ""}}, {"model": "spla.weapon", "pk": 14, "fields": {"name": "ジェットスイーパー", "main": 5, "sub": 8, "special": 0, "sp_point": 180, "image": ""}}, {"model": "spla.weapon", "pk": 15, "fields": {"name": "ジェットスイーパーカスタム", "main": 5, "sub": 2, "special": 1, "sp_point": 190, "image": ""}}, {"model": "spla.weapon", "pk": 16, "fields": {"name": "ボールドマーカー", "main": 6, "sub": 3, "special": 3, "sp_point": 160, "image": ""}}, {"model": "spla.weapon", "pk": 17, "fields": {"name": "ボールドマーカーネオ", "main": 6, "sub": 11, "special": 0, "sp_point": 170, "image": ""}}, {"model": "spla.weapon", "pk": 18, "fields": {"name": "ボールドマーカー7", "main": 6, "sub": 0, "special": 14, "sp_point": 180, "image": ""}}, {"model": "spla.weapon", "pk": 19, "fields": {"name": "シャープマーカー", "main": 7, "sub": 8, "special": 2, "sp_point": 170, "image": ""}}, {"model": "spla.weapon", "pk": 20, "fields": {"name": "シャープマーカーネオ", "main": 7, "sub": 2, "special": 6, "sp_point": 210, "image": ""}}, {"model": "spla.weapon", "pk": 21, "fields": {"name": "N-ZAP85", "main": 8, "sub": 1, "special": 4, "sp_point": 200, "image": ""}}, {"model": "spla.weapon", "pk": 22, "fields": {"name": "N-ZAP89", "main": 8, "sub": 4, "special": 0, "sp_point": 180, "image": ""}}, {"model": "spla.weapon", "pk": 23, "fields": {"name": "N-ZAP83", "main": 8, "sub": 12, "special": 10, "sp_point": 170, "image": ""}}, {"model": "spla.weapon", "pk": 24, "fields": {"name": "プロモデラーMG", "main": 9, "sub": 1, "special": 8, "sp_point": 160, "image": ""}}, {"model": "spla.weapon", "pk": 25, "fields": {"name": "プロモデラーRG", "main": 9, "sub": 12, "special": 11, "sp_point": 180, "image": ""}}, {"model": "spla.weapon", "pk": 26, "fields": {"name": "プロモデラーPG", "main": 9, "sub": 2, "special": 13, "sp_point": 190, "image": ""}}, {"model": "spla.weapon", "pk": 27, "fields": {"name": "ホットブラスター", "main": 10, "sub": 8, "special": 3, "sp_point": 170, "image": ""}}, {"model": "spla.weapon", "pk": 28, "fields": {"name": "ホットブラスターカスタム", "main": 10, "sub": 4, "special": 2, "sp_point": 190, "image": ""}}, {"model": "spla.weapon", "pk": 29, "fields": {"name": "ロングブラスター", "main": 11, "sub": 1, "special": 10, "sp_point": 200, "image": ""}}, {"model": "spla.weapon", "pk": 30, "fields": {"name": "ロングブラスターカスタム", "main": 11, "sub": 3, "special": 12, "sp_point": 170, "image": ""}}, {"model": "spla.weapon", "pk": 31, "fields": {"name": "ロングブラスターネクロ", "main": 11, "sub": 2, "special": 0, "sp_point": 190, "image": ""}}, {"model": "spla.weapon", "pk": 32, "fields": {"name": "ラピッドブラスター", "main": 12, "sub": 7, "special": 5, "sp_point": 200, "image": ""}}, {"model": "spla.weapon", "pk": 33, "fields": {"name": "ラピッドブラスターデコ", "main": 12, "sub": 1, "special": 2, "sp_point": 190, "image": ""}}, {"model": "spla.weapon", "pk": 34, "fields": {"name": "ラピッドブラスターベッチュー", "main": 12, "sub": 6, "special": 11, "sp_point": 200, "image": ""}}, {"model": "spla.weapon", "pk": 35, "fields": {"name": "Rブラスターエリート", "main": 13, "sub": 8, "special": 10, "sp_point": 180, "image": ""}}, {"model": "spla.weapon", "pk": 36, "fields": {"name": "Rブラスターエリートデコ", "main": 13, "sub": 10, "special": 4, "sp_point": 180, "image": ""}}, {"model": "spla.weapon", "pk": 37, "fields": {"name": "ノヴァブラスター", "main": 14, "sub": 0, "special": 11, "sp_point": 170, "image": ""}}, {"model": "spla.weapon", "pk": 38, "fields": {"name": "ノヴァブラスターネオ", "main": 14, "sub": 7, "special": 6, "sp_point": 170, "image": ""}}, {"model": "spla.weapon", "pk": 39, "fields": {"name": "ノヴァブラスターベッチュー", "main": 14, "sub": 5, "special": 10, "sp_point": 170, "image": ""}}, {"model": "spla.weapon", "pk": 40, "fields": {"name": "クラッシュブラスター", "main": 15, "sub": 0, "special": 1, "sp_point": 180, "image": ""}}, {"model": "spla.weapon", "pk": 41, "fields": {"name": "クラッシュブラスターネオ", "main": 15, "sub": 3, "special": 0, "sp_point": 180, "image": ""}}, {"model": "spla.weapon", "pk": 42, "fields": {"name": "L3リールガン", "main": 16, "sub": 3, "special": 11, "sp_point": 220, "image": ""}}, {"model": "spla.weapon", "pk": 43, "fields": {"name": "L3リールガンD", "main": 16, "sub": 2, "special": 2, "sp_point": 200, "image": ""}}, {"model": "spla.weapon", "pk": 44, "fields": {"name": "L3リールガンベッチュー", "main": 16, "sub": 10, "special": 14, "sp_point": 180, "image": ""}}, {"model": "spla.weapon", "pk": 45, "fields": {"name": "H3リールガン", "main": 17, "sub": 9, "special": 0, "sp_point": 170, "image": ""}}, {"model": "spla.weapon", "pk": 46, "fields": {"name": "H3リールガンD", "main": 17, "sub": 1, "special": 4, "sp_point": 220, "image": ""}}, {"model": "spla.weapon", "pk": 47, "fields": {"name": "H3リールガンチェリー", "main": 17, "sub": 10, "special": 12, "sp_point": 180, "image": ""}}, {"model": "spla.weapon", "pk": 48, "fields": {"name": "ボトルガイザー", "main": 18, "sub": 10, "special": 1, "sp_point": 180, "image": ""}}, {"model": "spla.weapon", "pk": 49, "fields": {"name": "ボトルガイザーフォイル", "main": 18, "sub": 0, "special": 12, "sp_point": 200, "image": ""}}, {"model": "spla.weapon", "pk": 50, "fields": {"name": "スプラローラー", "main": 19, "sub": 3, "special": 3, "sp_point": 170, "image": ""}}, {"model": "spla.weapon", "pk": 51, "fields": {"name": "スプラローラーコラボ", "main": 19, "sub": 11, "special": 11, "sp_point": 170, "image": ""}}, {"model": "spla.weapon", "pk": 52, "fields": {"name": "スプラローラーベッチュー", "main": 19, "sub": 0, "special": 12, "sp_point": 180, "image": ""}}, {"model": "spla.weapon", "pk": 53, "fields": {"name": "カーボンローラー", "main": 20, "sub": 4, "special": 10, "sp_point": 160, "image": ""}}, {"model": "spla.weapon", "pk": 54, "fields": {"name": "カーボンローラーデコ", "main": 20, "sub": 2, "special": 9, "sp_point": 190, "image": ""}}, {"model": "spla.weapon", "pk": 55, "fields": {"name": "ヴァリアブルローラー", "main": 21, "sub": 10, "special": 5, "sp_point": 180, "image": ""}}, {"model": "spla.weapon", "pk": 56, "fields": {"name": "ヴァリアブルローラーフォイル", "main": 21, "sub": 1, "special": 0, "sp_point": 180, "image": ""}}, {"model": "spla.weapon", "pk": 57, "fields": {"name": "ダイナモローラー", "main": 22, "sub": 7, "special": 1, "sp_point": 180, "image": ""}}, {"model": "spla.weapon", "pk": 58, "fields": {"name": "ダイナモローラーテスラ", "main": 22, "sub": 0, "special": 4, "sp_point": 190, "image": ""}}, {"model": "spla.weapon", "pk": 59, "fields": {"name": "ダイナモローラーベッチュー", "main": 22, "sub": 12, "special": 13, "sp_point": 180, "image": ""}}, {"model": "spla.weapon", "pk": 60, "fields": {"name": "パブロ", "main": 23, "sub": 0, "special": 3, "sp_point": 150, "image": ""}}, {"model": "spla.weapon", "pk": 61, "fields": {"name": "パブロ・ヒュー", "main": 23, "sub": 7, "special": 11, "sp_point": 180, "image": ""}}, {"model": "spla.weapon", "pk": 62, "fields": {"name": "パーマネント・パブロ", "main": 23, "sub": 12, "special": 4, "sp_point": 180, "image": ""}}, {"model": "spla.weapon", "pk": 63, "fields": {"name": "ホクサイ", "main": 24, "sub": 4, "special": 2, "sp_point": 170, "image": ""}}, {"model": "spla.weapon", "pk": 64, "fields": {"name": "ホクサイ・ヒュー", "main": 24, "sub": 11, "special": 0, "sp_point": 170, "image": ""}}, {"model": "spla.weapon", "pk": 65, "fields": {"name": "ホクサイベッチュー", "main": 24, "sub": 1, "special": 14, "sp_point": 180, "image": ""}}, {"model": "spla.weapon", "pk": 66, "fields": {"name": "スプラチャージャー", "main": 25, "sub": 0, "special": 1, "sp_point": 220, "image": ""}}, {"model": "spla.weapon", "pk": 67, "fields": {"name": "スプラチャージャーコラボ", "main": 25, "sub": 10, "special": 6, "sp_point": 220, "image": ""}}, {"model": "spla.weapon", "pk": 68, "fields": {"name": "スプラチャージャーベッチュー", "main": 25, "sub": 12, "special": 11, "sp_point": 190, "image": ""}}, {"model": "spla.weapon", "pk": 69, "fields": {"name": "スプラスコープ", "main": 26, "sub": 0, "special": 1, "sp_point": 220, "image": ""}}, {"model": "spla.weapon", "pk": 70, "fields": {"name": "スプラスコープコラボ", "main": 26, "sub": 10, "special": 6, "sp_point": 220, "image": ""}}, {"model": "spla.weapon", "pk": 71, "fields": {"name": "スプラスコープベッチュー", "main": 26, "sub": 12, "special": 11, "sp_point": 190, "image": ""}}, {"model": "spla.weapon", "pk": 72, "fields": {"name": "リッター4K", "main": 27, "sub": 7, "special": 10, "sp_point": 190, "image": ""}}, {"model": "spla.weapon", "pk": 73, "fields": {"name": "リッター4Kカスタム", "main": 27, "sub": 11, "special": 12, "sp_point": 170, "image": ""}}, {"model": "spla.weapon", "pk": 74, "fields": {"name": "4Kスコープ", "main": 28, "sub": 7, "special": 10, "sp_point": 190, "image": ""}}, {"model": "spla.weapon", "pk": 75, "fields": {"name": "4Kスコープカスタム", "main": 28, "sub": 11, "special": 12, "sp_point": 170, "image": ""}}, {"model": "spla.weapon", "pk": 76, "fields": {"name": "ソイチューバー", "main": 29, "sub": 1, "special": 3, "sp_point": 160, "image": ""}}, {"model": "spla.weapon", "pk": 77, "fields": {"name": "ソイチューバーカスタム", "main": 29, "sub": 3, "special": 2, "sp_point": 170, "image": ""}}, {"model": "spla.weapon", "pk": 78, "fields": {"name": "スクイックリンα", "main": 30, "sub": 9, "special": 4, "sp_point": 170, "image": ""}}, {"model": "spla.weapon", "pk": 79, "fields": {"name": "スクイックリンβ", "main": 30, "sub": 4, "special": 11, "sp_point": 180, "image": ""}}, {"model": "spla.weapon", "pk": 80, "fields": {"name": "スクイックリンγ", "main": 30, "sub": 1, "special": 2, "sp_point": 180, "image": ""}}, {"model": "spla.weapon", "pk": 81, "fields": {"name": "14式竹筒銃・甲", "main": 31, "sub": 3, "special": 0, "sp_point": 200, "image": ""}}, {"model": "spla.weapon", "pk": 82, "fields": {"name": "14式竹筒銃・乙", "main": 31, "sub": 8, "special": 7, "sp_point": 160, "image": ""}}, {"model": "spla.weapon", "pk": 83, "fields": {"name": "14式竹筒銃・丙", "main": 31, "sub": 5, "special": 12, "sp_point": 190, "image": ""}}, {"model": "spla.weapon", "pk": 84, "fields": {"name": "バケットスロッシャー", "main": 32, "sub": 1, "special": 0, "sp_point": 190, "image": ""}}, {"model": "spla.weapon", "pk": 85, "fields": {"name": "バケットスロッシャーデコ", "main": 32, "sub": 12, "special": 11, "sp_point": 210, "image": ""}}, {"model": "spla.weapon", "pk": 86, "fields": {"name": "バケットスロッシャーソーダ", "main": 32, "sub": 0, "special": 7, "sp_point": 210, "image": ""}}, {"model": "spla.weapon", "pk": 87, "fields": {"name": "ヒッセン", "main": 33, "sub": 2, "special": 4, "sp_point": 190, "image": ""}}, {"model": "spla.weapon", "pk": 88, "fields": {"name": "ヒッセン・ヒュー", "main": 33, "sub": 0, "special": 10, "sp_point": 170, "image": ""}}, {"model": "spla.weapon", "pk": 89, "fields": {"name": "スクリュースロッシャー", "main": 34, "sub": 4, "special": 1, "sp_point": 190, "image": ""}}, {"model": "spla.weapon", "pk": 90, "fields": {"name": "スクリュースロッシャーネオ", "main": 34, "sub": 9, "special": 5, "sp_point": 180, "image": ""}}, {"model": "spla.weapon", "pk": 91, "fields": {"name": "スクリュースロッシャーベッチュー", "main": 34, "sub": 5, "special": 3, "sp_point": 190, "image": ""}}, {"model": "spla.weapon", "pk": 92, "fields": {"name": "オーバーフロッシャー", "main": 35, "sub": 10, "special": 10, "sp_point": 180, "image": ""}}, {"model": "spla.weapon", "pk": 93, "fields": {"name": "オーバーフロッシャーデコ", "main": 35, "sub": 12, "special": 6, "sp_point": 190, "image": ""}}, {"model": "spla.weapon", "pk": 94, "fields": {"name": "エクスプロッシャー", "main": 36, "sub": 12, "special": 12, "sp_point": 210, "image": ""}}, {"model": "spla.weapon", "pk": 95, "fields": {"name": "エクスプロッシャーカスタム", "main": 36, "sub": 9, "special": 11, "sp_point": 220, "image": ""}}, {"model": "spla.weapon", "pk": 96, "fields": {"name": "バレルスピナー", "main": 37, "sub": 12, "special": 1, "sp_point": 200, "image": ""}}, {"model": "spla.weapon", "pk": 97, "fields": {"name": "バレルスピナーデコ", "main": 37, "sub": 10, "special": 12, "sp_point": 180, "image": ""}}, {"model": "spla.weapon", "pk": 98, "fields": {"name": "バレルスピナーリミックス", "main": 37, "sub": 9, "special": 13, "sp_point": 190, "image": ""}}, {"model": "spla.weapon", "pk": 99, "fields": {"name": "スプラスピナー", "main": 38, "sub": 2, "special": 0, "sp_point": 210, "image": ""}}, {"model": "spla.weapon", "pk": 100, "fields": {"name": "スプラスピナーコラボ", "main": 38, "sub": 3, "special": 10, "sp_point": 180, "image": ""}}, {"model": "spla.weapon", "pk": 101, "fields": {"name": "スプラスピナーベッチュー", "main": 38, "sub": 8, "special": 14, "sp_point": 180, "image": ""}}, {"model": "spla.weapon", "pk": 102, "fields": {"name": "ハイドラント", "main": 39, "sub": 4, "special": 3, "sp_point": 170, "image": ""}}, {"model": "spla.weapon", "pk": 103, "fields": {"name": "ハイドラントカスタム", "main": 39, "sub": 7, "special": 4, "sp_point": 200, "image": ""}}, {"model": "spla.weapon", "pk": 104, "fields": {"name": "クーゲルシュライバー", "main": 40, "sub": 8, "special": 2, "sp_point": 200, "image": ""}}, {"model": "spla.weapon", "pk": 105, "fields": {"name": "クーゲルシュライバー・ヒュー", "main": 40, "sub": 11, "special": 10, "sp_point": 220, "image": ""}}, {"model": "spla.weapon", "pk": 106, "fields": {"name": "ノーチラス47", "main": 41, "sub": 9, "special": 11, "sp_point": 180, "image": ""}}, {"model": "spla.weapon", "pk": 107, "fields": {"name": "ノーチラス79", "main": 41, "sub": 1, "special": 2, "sp_point": 180, "image": ""}}, {"model": "spla.weapon", "pk": 108, "fields": {"name": "スプラマニューバー", "main": 42, "sub": 2, "special": 0, "sp_point": 180, "image": ""}}, {"model": "spla.weapon", "pk": 109, "fields": {"name": "スプラマニューバーコラボ", "main": 42, "sub": 3, "special": 2, "sp_point": 200, "image": ""}}, {"model": "spla.weapon", "pk": 110, "fields": {"name": "スプラマニューバーベッチュー", "main": 42, "sub": 1, "special": 11, "sp_point": 200, "image": ""}}, {"model": "spla.weapon", "pk": 111, "fields": {"name": "スパッタリー", "main": 43, "sub": 11, "special": 6, "sp_point": 170, "image": ""}}, {"model": "spla.weapon", "pk": 112, "fields": {"name": "スパッタリー・ヒュー", "main": 43, "sub": 8, "special": 10, "sp_point": 170, "image": ""}}, {"model": "spla.weapon", "pk": 113, "fields": {"name": "スパッタリークリア", "main": 43, "sub": 6, "special": 3, "sp_point": 170, "image": ""}}, {"model": "spla.weapon", "pk": 114, "fields": {"name": "デュアルスイーパー", "main": 44, "sub": 9, "special": 0, "sp_point": 190, "image": ""}}, {"model": "spla.weapon", "pk": 115, "fields": {"name": "デュアルスイーパーカスタム", "main": 44, "sub": 0, "special": 10, "sp_point": 220, "image": ""}}, {"model": "spla.weapon", "pk": 116, "fields": {"name": "ケルビン525", "main": 45, "sub": 7, "special": 2, "sp_point": 180, "image": ""}}, {"model": "spla.weapon", "pk": 117, "fields": {"name": "ケルビン525デコ", "main": 45, "sub": 10, "special": 11, "sp_point": 180, "image": ""}}, {"model": "spla.weapon", "pk": 118, "fields": {"name": "ケルビン525ベッチュー", "main": 45, "sub": 5, "special": 4, "sp_point": 180, "image": ""}}, {"model": "spla.weapon", "pk": 119, "fields": {"name": "クアッドホッパーブラック", "main": 46, "sub": 4, "special": 3, "sp_point": 190, "image": ""}}, {"model": "spla.weapon", "pk": 120, "fields": {"name": "クアッドホッパーホワイト", "main": 46, "sub": 12, "special": 9, "sp_point": 200, "image": ""}}, {"model": "spla.weapon", "pk": 121, "fields": {"name": "パラシェルター", "main": 47, "sub": 12, "special": 10, "sp_point": 190, "image": ""}}, {"model": "spla.weapon", "pk": 122, "fields": {"name": "パラシェルターソレーラ", "main": 47, "sub": 4, "special": 5, "sp_point": 200, "image": ""}}, {"model": "spla.weapon", "pk": 123, "fields": {"name": "キャンピングシェルター", "main": 48, "sub": 11, "special": 12, "sp_point": 200, "image": ""}}, {"model": "spla.weapon", "pk": 124, "fields": {"name": "キャンピングシェルターソレーラ", "main": 48, "sub": 10, "special": 8, "sp_point": 170, "image": ""}}, {"model": "spla.weapon", "pk": 125, "fields": {"name": "キャンピングシェルターカーモ", "main": 48, "sub": 7, "special": 14, "sp_point": 210, "image": ""}}, {"model": "spla.weapon", "pk": 126, "fields": {"name": "スパイガジェット", "main": 49, "sub": 7, "special": 3, "sp_point": 150, "image": ""}}, {"model": "spla.weapon", "pk": 127, "fields": {"name": "スパイガジェットソレーラ", "main": 49, "sub": 0, "special": 11, "sp_point": 180, "image": ""}}, {"model": "spla.weapon", "pk": 128, "fields": {"name": "スパイガジェットベッチュー", "main": 49, "sub": 6, "special": 4, "sp_point": 190, "image": ""}}, {"model": "blog.category", "pk": 1, "fields": {"name": "ああああ"}}, {"model": "blog.category", "pk": 2, "fields": {"name": "かかかか"}}, {"model": "blog.category", "pk": 3, "fields": {"name": "ささささ"}}, {"model": "blog.category", "pk": 4, "fields": {"name": "htmlのおべんきょう"}}, {"model": "blog.category", "pk": 5, "fields": {"name": "テスト用"}}, {"model": "blog.diary", "pk": 1, "fields": {"title": "あいうえお", "subtitle": "ないしょのはなし", "text": "らららららっらららららｗｓｄｊｋｆかｄｓｌｊふぃあｓづｄふぃおあｊｓｋｌｊ", "category": 1, "created_at": "2022-02-16T03:09:57Z"}}, {"model": "blog.diary", "pk": 2, "fields": {"title": "かきくけこ", "subtitle": "ないしょのはなし", "text": "ｆ；ヵｊｋｄｌふあ；いおｓづふぃあｄｓｊｆかｈｊｋｆｈな；ｋｊｆｋぁｓｄｊ", "category": 2, "created_at": "2022-02-16T03:10:14Z"}}, {"model": "blog.diary", "pk": 3, "fields": {"title": "さしすせそ", "subtitle": "ないしょのはなし", "text": "さったｂヴぁｂはたががｇｂｆなｒｆはｄがふぁせｄｆらえｒｔがｑ", "category": 3, "created_at": "2022-02-17T08:25:57Z"}}, {"model": "blog.diary", "pk": 4, "fields": {"title": "divとsectionとarticle", "subtitle": "div, section, articleって使い分けめんどくさいよねって話です。", "text": "divとsectionとarticleについてべんきょうした\r\n# div\r\n意味のない要素。デザインとかレイアウトのために使うらしい。\r\n# section\r\n章、節、項みたいなまとまりを作るために使うらしい。\r\n# article\r\n記事とか独立した文章のまとまりに使うらしい。\r\n# まとめ\r\nめんどいからしばらくはdiv onlyでいいかなぁ...", "category": 4, "created_at": "2022-02-21T05:50:54Z"}}, {"model": "blog.diary", "pk": 5, "fields": {"title": "markdownxのテスト", "subtitle": "markdownxのテスト用だよーん", "text": "# H1\r\nテストです\r\n## H2\r\n### H3\r\n#### H4\r\n```python\r\ndef f(x):\r\n\ta=x+2\r\n\treturn a\r\nprint(f(3))\r\n```", "category": 5, "created_at": "2022-02-24T06:41:16Z"}}, {"model": "blog.diary", "pk": 6, "fields": {"title": "画像アップロードのテスト", "subtitle": "画像のテストをさせていただきやす...", "text": "# 画像投稿\r\n![サラミ](/media/editor\\サラミ_20220224165833563440.jpg \"サラミ\")\r\n![cocona01.jpg](/media/editor\\cocona01_20220228002244949732.jpg \"cocona01.jpg\")", "category": 5, "created_at": "2022-02-24T07:58:16Z"}}, {"model": "admin.logentry", "pk": 1, "fields": {"action_time": "2022-02-15T11:40:14.786Z", "user": 1, "content_type": 1, "object_id": "1", "object_repr": "高橋", "action_flag": 1, "change_message": "[{\"added\": {}}]"}}, {"model": "admin.logentry", "pk": 2, "fields": {"action_time": "2022-02-15T11:40:18.841Z", "user": 1, "content_type": 1, "object_id": "2", "object_repr": "大島", "action_flag": 1, "change_message": "[{\"added\": {}}]"}}, {"model": "admin.logentry", "pk": 3, "fields": {"action_time": "2022-02-15T11:40:22.722Z", "user": 1, "content_type": 1, "object_id": "3", "object_repr": "福本", "action_flag": 1, "change_message": "[{\"added\": {}}]"}}, {"model": "admin.logentry", "pk": 4, "fields": {"action_time": "2022-02-15T11:41:31.223Z", "user": 1, "content_type": 2, "object_id": "1", "object_repr": "あいうえお", "action_flag": 1, "change_message": "[{\"added\": {}}]"}}, {"model": "admin.logentry", "pk": 5, "fields": {"action_time": "2022-02-15T11:41:40.806Z", "user": 1, "content_type": 2, "object_id": "2", "object_repr": "かきくけこ", "action_flag": 1, "change_message": "[{\"added\": {}}]"}}, {"model": "admin.logentry", "pk": 6, "fields": {"action_time": "2022-02-15T11:41:54.274Z", "user": 1, "content_type": 3, "object_id": "1", "object_repr": "なんだかなあ", "action_flag": 1, "change_message": "[{\"added\": {}}]"}}, {"model": "admin.logentry", "pk": 7, "fields": {"action_time": "2022-02-15T11:42:36.227Z", "user": 1, "content_type": 3, "object_id": "2", "object_repr": "ひどいね", "action_flag": 1, "change_message": "[{\"added\": {}}]"}}, {"model": "admin.logentry", "pk": 8, "fields": {"action_time": "2022-02-16T03:09:42.122Z", "user": 1, "content_type": 11, "object_id": "1", "object_repr": "ああああ", "action_flag": 1, "change_message": "[{\"added\": {}}]"}}, {"model": "admin.logentry", "pk": 9, "fields": {"action_time": "2022-02-16T03:09:46.497Z", "user": 1, "content_type": 11, "object_id": "2", "object_repr": "かかかか", "action_flag": 1, "change_message": "[{\"added\": {}}]"}}, {"model": "admin.logentry", "pk": 10, "fields": {"action_time": "2022-02-16T03:09:49.273Z", "user": 1, "content_type": 11, "object_id": "3", "object_repr": "ささささ", "action_flag": 1, "change_message": "[{\"added\": {}}]"}}, {"model": "admin.logentry", "pk": 11, "fields": {"action_time": "2022-02-16T03:10:14.375Z", "user": 1, "content_type": 10, "object_id": "1", "object_repr": "あいうえお", "action_flag": 1, "change_message": "[{\"added\": {}}]"}}, {"model": "admin.logentry", "pk": 12, "fields": {"action_time": "2022-02-16T03:10:30.284Z", "user": 1, "content_type": 10, "object_id": "2", "object_repr": "かきくけこ", "action_flag": 1, "change_message": "[{\"added\": {}}]"}}, {"model": "admin.logentry", "pk": 13, "fields": {"action_time": "2022-02-17T08:26:11.698Z", "user": 1, "content_type": 10, "object_id": "3", "object_repr": "さしすせそ", "action_flag": 1, "change_message": "[{\"added\": {}}]"}}, {"model": "admin.logentry", "pk": 14, "fields": {"action_time": "2022-02-21T05:50:49.429Z", "user": 1, "content_type": 11, "object_id": "4", "object_repr": "htmlのおべんきょう", "action_flag": 1, "change_message": "[{\"added\": {}}]"}}, {"model": "admin.logentry", "pk": 15, "fields": {"action_time": "2022-02-21T05:55:46.400Z", "user": 1, "content_type": 10, "object_id": "4", "object_repr": "divとsectionとarticle", "action_flag": 1, "change_message": "[{\"added\": {}}]"}}, {"model": "admin.logentry", "pk": 16, "fields": {"action_time": "2022-02-24T06:44:47.606Z", "user": 1, "content_type": 11, "object_id": "5", "object_repr": "テスト用", "action_flag": 1, "change_message": "[{\"added\": {}}]"}}, {"model": "admin.logentry", "pk": 17, "fields": {"action_time": "2022-02-24T06:44:50.090Z", "user": 1, "content_type": 10, "object_id": "5", "object_repr": "markdownxのテスト", "action_flag": 1, "change_message": "[{\"added\": {}}]"}}, {"model": "admin.logentry", "pk": 18, "fields": {"action_time": "2022-02-24T07:59:45.612Z", "user": 1, "content_type": 10, "object_id": "6", "object_repr": "画像アップロードのテスト", "action_flag": 1, "change_message": "[{\"added\": {}}]"}}, {"model": "admin.logentry", "pk": 19, "fields": {"action_time": "2022-02-24T08:01:08.687Z", "user": 1, "content_type": 10, "object_id": "6", "object_repr": "画像アップロードのテスト", "action_flag": 2, "change_message": "[{\"changed\": {\"fields\": [\"Text\"]}}]"}}, {"model": "admin.logentry", "pk": 20, "fields": {"action_time": "2022-02-24T15:02:53.955Z", "user": 1, "content_type": 10, "object_id": "5", "object_repr": "markdownxのテスト", "action_flag": 2, "change_message": "[{\"changed\": {\"fields\": [\"\\u30b5\\u30d6\\u30bf\\u30a4\\u30c8\\u30eb\"]}}]"}}, {"model": "admin.logentry", "pk": 21, "fields": {"action_time": "2022-02-24T15:03:00.807Z", "user": 1, "content_type": 10, "object_id": "5", "object_repr": "markdownxのテスト", "action_flag": 2, "change_message": "[]"}}, {"model": "admin.logentry", "pk": 22, "fields": {"action_time": "2022-02-24T15:03:15.003Z", "user": 1, "content_type": 10, "object_id": "6", "object_repr": "画像アップロードのテスト", "action_flag": 2, "change_message": "[{\"changed\": {\"fields\": [\"\\u30b5\\u30d6\\u30bf\\u30a4\\u30c8\\u30eb\"]}}]"}}, {"model": "admin.logentry", "pk": 23, "fields": {"action_time": "2022-02-24T15:04:22.064Z", "user": 1, "content_type": 10, "object_id": "4", "object_repr": "divとsectionとarticle", "action_flag": 2, "change_message": "[{\"changed\": {\"fields\": [\"\\u30b5\\u30d6\\u30bf\\u30a4\\u30c8\\u30eb\", \"Text\"]}}]"}}, {"model": "admin.logentry", "pk": 24, "fields": {"action_time": "2022-02-27T15:23:22.976Z", "user": 1, "content_type": 10, "object_id": "6", "object_repr": "画像アップロードのテスト", "action_flag": 2, "change_message": "[{\"changed\": {\"fields\": [\"Text\"]}}]"}}, {"model": "admin.logentry", "pk": 25, "fields": {"action_time": "2022-03-25T04:39:08.935Z", "user": 1, "content_type": 19, "object_id": "1", "object_repr": "軽", "action_flag": 1, "change_message": "[{\"added\": {}}]"}}, {"model": "admin.logentry", "pk": 26, "fields": {"action_time": "2022-03-25T04:39:11.932Z", "user": 1, "content_type": 19, "object_id": "2", "object_repr": "中", "action_flag": 1, "change_message": "[{\"added\": {}}]"}}, {"model": "admin.logentry", "pk": 27, "fields": {"action_time": "2022-03-25T04:39:16.836Z", "user": 1, "content_type": 19, "object_id": "3", "object_repr": "重", "action_flag": 1, "change_message": "[{\"added\": {}}]"}}, {"model": "admin.logentry", "pk": 28, "fields": {"action_time": "2022-03-25T04:41:53.006Z", "user": 1, "content_type": 18, "object_id": "1", "object_repr": "シューター", "action_flag": 1, "change_message": "[{\"added\": {}}]"}}, {"model": "admin.logentry", "pk": 29, "fields": {"action_time": "2022-03-25T04:42:02.976Z", "user": 1, "content_type": 13, "object_id": "1", "object_repr": "スプラシューター", "action_flag": 1, "change_message": "[{\"added\": {}}]"}}, {"model": "admin.logentry", "pk": 30, "fields": {"action_time": "2022-03-25T04:42:17.014Z", "user": 1, "content_type": 17, "object_id": "1", "object_repr": "スプラッシュボム", "action_flag": 1, "change_message": "[{\"added\": {}}]"}}, {"model": "admin.logentry", "pk": 31, "fields": {"action_time": "2022-03-25T04:42:32.672Z", "user": 1, "content_type": 12, "object_id": "1", "object_repr": "スーパーチャクチ", "action_flag": 1, "change_message": "[{\"added\": {}}]"}}, {"model": "admin.logentry", "pk": 32, "fields": {"action_time": "2022-03-25T04:43:10.807Z", "user": 1, "content_type": 17, "object_id": "2", "object_repr": "クイックボム", "action_flag": 1, "change_message": "[{\"added\": {}}]"}}, {"model": "admin.logentry", "pk": 33, "fields": {"action_time": "2022-03-25T04:43:33.291Z", "user": 1, "content_type": 14, "object_id": "1", "object_repr": "スプラシューター", "action_flag": 1, "change_message": "[{\"added\": {}}]"}}, {"model": "admin.logentry", "pk": 34, "fields": {"action_time": "2022-03-26T08:54:06.813Z", "user": 1, "content_type": 12, "object_id": "2", "object_repr": "ジェットパック", "action_flag": 1, "change_message": "[{\"added\": {}}]"}}, {"model": "admin.logentry", "pk": 35, "fields": {"action_time": "2022-03-26T08:54:30.562Z", "user": 1, "content_type": 14, "object_id": "2", "object_repr": "スプラシューターコラボ", "action_flag": 1, "change_message": "[{\"added\": {}}]"}}, {"model": "admin.logentry", "pk": 36, "fields": {"action_time": "2022-03-27T06:30:04.664Z", "user": 1, "content_type": 17, "object_id": "0", "object_repr": "スプラッシュボム", "action_flag": 2, "change_message": "[{\"changed\": {\"fields\": [\"Id\", \"\\u8aac\\u660e\"]}}]"}}, {"model": "admin.logentry", "pk": 37, "fields": {"action_time": "2022-03-27T06:30:29.123Z", "user": 1, "content_type": 14, "object_id": "2", "object_repr": "スプラシューターコラボ", "action_flag": 2, "change_message": "[{\"changed\": {\"fields\": [\"Sub\"]}}]"}}, {"model": "admin.logentry", "pk": 38, "fields": {"action_time": "2022-03-27T06:30:41.673Z", "user": 1, "content_type": 17, "object_id": "1", "object_repr": "スプラッシュボム", "action_flag": 3, "change_message": ""}}, {"model": "admin.logentry", "pk": 39, "fields": {"action_time": "2022-03-27T06:30:47.782Z", "user": 1, "content_type": 17, "object_id": "0", "object_repr": "スプラッシュボム", "action_flag": 2, "change_message": "[]"}}, {"model": "admin.logentry", "pk": 40, "fields": {"action_time": "2022-03-27T06:31:09.921Z", "user": 1, "content_type": 17, "object_id": "2", "object_repr": "クイックボム", "action_flag": 2, "change_message": "[{\"changed\": {\"fields\": [\"\\u8aac\\u660e\"]}}]"}}, {"model": "admin.logentry", "pk": 41, "fields": {"action_time": "2022-03-27T06:31:31.793Z", "user": 1, "content_type": 17, "object_id": "1", "object_repr": "キューバンボム", "action_flag": 1, "change_message": "[{\"added\": {}}]"}}, {"model": "admin.logentry", "pk": 42, "fields": {"action_time": "2022-03-27T06:31:59.538Z", "user": 1, "content_type": 17, "object_id": "3", "object_repr": "カーリングボム", "action_flag": 1, "change_message": "[{\"added\": {}}]"}}, {"model": "admin.logentry", "pk": 43, "fields": {"action_time": "2022-03-27T06:32:27.189Z", "user": 1, "content_type": 17, "object_id": "4", "object_repr": "ロボットボム", "action_flag": 1, "change_message": "[{\"added\": {}}]"}}, {"model": "admin.logentry", "pk": 44, "fields": {"action_time": "2022-03-27T06:32:52.023Z", "user": 1, "content_type": 17, "object_id": "5", "object_repr": "タンサンボム", "action_flag": 1, "change_message": "[{\"added\": {}}]"}}, {"model": "admin.logentry", "pk": 45, "fields": {"action_time": "2022-03-27T06:33:10.045Z", "user": 1, "content_type": 17, "object_id": "6", "object_repr": "トーピード", "action_flag": 1, "change_message": "[{\"added\": {}}]"}}, {"model": "admin.logentry", "pk": 46, "fields": {"action_time": "2022-03-27T06:33:28.100Z", "user": 1, "content_type": 17, "object_id": "7", "object_repr": "トラップ", "action_flag": 1, "change_message": "[{\"added\": {}}]"}}, {"model": "admin.logentry", "pk": 47, "fields": {"action_time": "2022-03-27T06:33:47.972Z", "user": 1, "content_type": 17, "object_id": "8", "object_repr": "ポイズンミスト", "action_flag": 1, "change_message": "[{\"added\": {}}]"}}, {"model": "admin.logentry", "pk": 48, "fields": {"action_time": "2022-03-27T06:34:08.143Z", "user": 1, "content_type": 17, "object_id": "9", "object_repr": "ポイントセンサー", "action_flag": 1, "change_message": "[{\"added\": {}}]"}}, {"model": "admin.logentry", "pk": 49, "fields": {"action_time": "2022-03-27T06:34:33.904Z", "user": 1, "content_type": 17, "object_id": "10", "object_repr": "スプラッシュシールド", "action_flag": 1, "change_message": "[{\"added\": {}}]"}}, {"model": "admin.logentry", "pk": 50, "fields": {"action_time": "2022-03-27T06:34:49.906Z", "user": 1, "content_type": 17, "object_id": "11", "object_repr": "ジャンプビーコン", "action_flag": 1, "change_message": "[{\"added\": {}}]"}}, {"model": "admin.logentry", "pk": 51, "fields": {"action_time": "2022-03-27T06:35:11.200Z", "user": 1, "content_type": 17, "object_id": "12", "object_repr": "スプリンクラー", "action_flag": 1, "change_message": "[{\"added\": {}}]"}}, {"model": "admin.logentry", "pk": 52, "fields": {"action_time": "2022-03-27T06:46:10.239Z", "user": 1, "content_type": 12, "object_id": "3", "object_repr": "スーパーチャクチ", "action_flag": 2, "change_message": "[{\"changed\": {\"fields\": [\"Id\", \"\\u8aac\\u660e\"]}}]"}}, {"model": "admin.logentry", "pk": 53, "fields": {"action_time": "2022-03-27T06:46:44.684Z", "user": 1, "content_type": 12, "object_id": "1", "object_repr": "ハイパープレッサー", "action_flag": 2, "change_message": "[{\"changed\": {\"fields\": [\"\\u540d\\u524d\", \"\\u8aac\\u660e\"]}}]"}}, {"model": "admin.logentry", "pk": 54, "fields": {"action_time": "2022-03-27T06:46:59.688Z", "user": 1, "content_type": 12, "object_id": "2", "object_repr": "ジェットパック", "action_flag": 2, "change_message": "[{\"changed\": {\"fields\": [\"\\u8aac\\u660e\"]}}]"}}, {"model": "admin.logentry", "pk": 55, "fields": {"action_time": "2022-03-27T06:47:18.948Z", "user": 1, "content_type": 12, "object_id": "0", "object_repr": "マルチミサイル", "action_flag": 1, "change_message": "[{\"added\": {}}]"}}, {"model": "admin.logentry", "pk": 56, "fields": {"action_time": "2022-03-27T06:48:12.566Z", "user": 1, "content_type": 12, "object_id": "4", "object_repr": "インクアーマー", "action_flag": 1, "change_message": "[{\"added\": {}}]"}}, {"model": "admin.logentry", "pk": 57, "fields": {"action_time": "2022-03-27T06:48:41.185Z", "user": 1, "content_type": 12, "object_id": "5", "object_repr": "ボムピッチャー(スプラッシュボム)", "action_flag": 1, "change_message": "[{\"added\": {}}]"}}, {"model": "admin.logentry", "pk": 58, "fields": {"action_time": "2022-03-27T06:49:03.951Z", "user": 1, "content_type": 12, "object_id": "6", "object_repr": "ボムピッチャー(キューバンボム)", "action_flag": 1, "change_message": "[{\"added\": {}}]"}}, {"model": "admin.logentry", "pk": 59, "fields": {"action_time": "2022-03-27T06:49:55.069Z", "user": 1, "content_type": 12, "object_id": "7", "object_repr": "ボムピッチャー(クイックボム)", "action_flag": 1, "change_message": "[{\"added\": {}}]"}}, {"model": "admin.logentry", "pk": 60, "fields": {"action_time": "2022-03-27T06:50:17.489Z", "user": 1, "content_type": 12, "object_id": "8", "object_repr": "ボムピッチャー(カーリングボム)", "action_flag": 1, "change_message": "[{\"added\": {}}]"}}, {"model": "admin.logentry", "pk": 61, "fields": {"action_time": "2022-03-27T06:50:40.134Z", "user": 1, "content_type": 12, "object_id": "9", "object_repr": "ボムピッチャー(ロボットボム)", "action_flag": 1, "change_message": "[{\"added\": {}}]"}}, {"model": "admin.logentry", "pk": 62, "fields": {"action_time": "2022-03-27T06:51:01.814Z", "user": 1, "content_type": 12, "object_id": "10", "object_repr": "アメフラシ", "action_flag": 1, "change_message": "[{\"added\": {}}]"}}, {"model": "admin.logentry", "pk": 63, "fields": {"action_time": "2022-03-27T06:51:21.740Z", "user": 1, "content_type": 12, "object_id": "11", "object_repr": "イカスフィア", "action_flag": 1, "change_message": "[{\"added\": {}}]"}}, {"model": "admin.logentry", "pk": 64, "fields": {"action_time": "2022-03-27T06:51:43.932Z", "user": 1, "content_type": 12, "object_id": "12", "object_repr": "バブルランチャー", "action_flag": 1, "change_message": "[{\"added\": {}}]"}}, {"model": "admin.logentry", "pk": 65, "fields": {"action_time": "2022-03-27T06:52:01.253Z", "user": 1, "content_type": 12, "object_id": "13", "object_repr": "ナイスダマ", "action_flag": 1, "change_message": "[{\"added\": {}}]"}}, {"model": "admin.logentry", "pk": 66, "fields": {"action_time": "2022-03-27T06:52:23.773Z", "user": 1, "content_type": 12, "object_id": "14", "object_repr": "ウルトラハンコ", "action_flag": 1, "change_message": "[{\"added\": {}}]"}}, {"model": "admin.logentry", "pk": 67, "fields": {"action_time": "2022-03-27T06:52:35.269Z", "user": 1, "content_type": 14, "object_id": "1", "object_repr": "スプラシューター", "action_flag": 2, "change_message": "[{\"changed\": {\"fields\": [\"Special\"]}}]"}}, {"model": "admin.logentry", "pk": 68, "fields": {"action_time": "2022-03-27T06:53:04.076Z", "user": 1, "content_type": 13, "object_id": "1", "object_repr": "スプラシューター", "action_flag": 2, "change_message": "[]"}}, {"model": "admin.logentry", "pk": 69, "fields": {"action_time": "2022-03-28T10:28:26.975Z", "user": 1, "content_type": 18, "object_id": "1", "object_repr": "シューター", "action_flag": 2, "change_message": "[{\"changed\": {\"fields\": [\"\\u8aac\\u660e\"]}}]"}}, {"model": "admin.logentry", "pk": 70, "fields": {"action_time": "2022-03-30T08:25:09.830Z", "user": 1, "content_type": 14, "object_id": "2", "object_repr": "スプラシューターコラボ", "action_flag": 3, "change_message": ""}}, {"model": "admin.logentry", "pk": 71, "fields": {"action_time": "2022-03-30T08:25:13.851Z", "user": 1, "content_type": 14, "object_id": "1", "object_repr": "スプラシューター", "action_flag": 3, "change_message": ""}}, {"model": "admin.logentry", "pk": 72, "fields": {"action_time": "2022-03-30T08:25:49.239Z", "user": 1, "content_type": 13, "object_id": "1", "object_repr": "スプラシューター", "action_flag": 3, "change_message": ""}}, {"model": "admin.logentry", "pk": 73, "fields": {"action_time": "2022-03-30T08:25:58.496Z", "user": 1, "content_type": 18, "object_id": "1", "object_repr": "シューター", "action_flag": 3, "change_message": ""}}, {"model": "admin.logentry", "pk": 74, "fields": {"action_time": "2022-03-30T08:43:26.599Z", "user": 1, "content_type": 13, "object_id": "0", "object_repr": "ra", "action_flag": 1, "change_message": "[{\"added\": {}}]"}}, {"model": "admin.logentry", "pk": 75, "fields": {"action_time": "2022-03-30T08:43:34.270Z", "user": 1, "content_type": 13, "object_id": "0", "object_repr": "ra", "action_flag": 3, "change_message": ""}}, {"model": "admin.logentry", "pk": 76, "fields": {"action_time": "2022-03-30T09:20:55.793Z", "user": 1, "content_type": 19, "object_id": "0", "object_repr": "軽", "action_flag": 2, "change_message": "[{\"changed\": {\"fields\": [\"Id\"]}}]"}}, {"model": "admin.logentry", "pk": 77, "fields": {"action_time": "2022-03-30T09:21:02.515Z", "user": 1, "content_type": 19, "object_id": "1", "object_repr": "軽", "action_flag": 3, "change_message": ""}}, {"model": "admin.logentry", "pk": 78, "fields": {"action_time": "2022-03-30T09:21:09.043Z", "user": 1, "content_type": 19, "object_id": "1", "object_repr": "中", "action_flag": 2, "change_message": "[{\"changed\": {\"fields\": [\"Id\"]}}]"}}, {"model": "admin.logentry", "pk": 79, "fields": {"action_time": "2022-03-30T09:21:15.966Z", "user": 1, "content_type": 19, "object_id": "2", "object_repr": "中", "action_flag": 3, "change_message": ""}}, {"model": "admin.logentry", "pk": 80, "fields": {"action_time": "2022-03-30T09:21:20.489Z", "user": 1, "content_type": 19, "object_id": "2", "object_repr": "重", "action_flag": 2, "change_message": "[{\"changed\": {\"fields\": [\"Id\"]}}]"}}, {"model": "admin.logentry", "pk": 81, "fields": {"action_time": "2022-03-30T09:21:27.282Z", "user": 1, "content_type": 19, "object_id": "3", "object_repr": "重", "action_flag": 3, "change_message": ""}}, {"model": "auth.user", "pk": 1, "fields": {"password": "pbkdf2_sha256$216000$lT3RePiH60Xd$f7W+adO0/dHCvZaG1b50XQutZr2v2f2ztqbBtUiyesA=", "last_login": "2022-03-28T10:25:36.306Z", "is_superuser": true, "username": "nanahiryu", "first_name": "", "last_name": "", "email": "ryu2751x7@gmail.com", "is_staff": true, "is_active": true, "date_joined": "2022-02-15T11:39:04.278Z", "groups": [], "user_permissions": []}}, {"model": "sessions.session", "pk": "07m88w785pb4xx757pbre90mfk5i6ynt", "fields": {"session_data": ".eJxVjEEOgjAQRe_StWmY0jKtS_ecoZlpp4IaSCisjHcXEha6_e-9_1aRtnWIW5UljlldFajL78aUnjIdID9ous86zdO6jKwPRZ-06n7O8rqd7t_BQHXYaxFsvDXclQCmhJayYZssYEidoQa9MIsjhFAIyVGLCL7ALoGxDll9vuN0N6A:1nJwBA:jqceMzxkGAEerQvry_0BZQMGRErhx8DEloaoiDSkDUA", "expire_date": "2022-03-01T11:39:32.520Z"}}, {"model": "sessions.session", "pk": "0y8we0xmr3tp9zw3p91pe2xugvfzamlf", "fields": {"session_data": ".eJxVjDEOwjAQBP_iGlk5xz5ylPS8IbJ9Cw6gRIqTCvF3iJQC2p2ZfZk-rkvp14q5H9ScDJnD75ZifmDcgN7jeJtsnsZlHpLdFLvTai-T4nne3b-DEmv51klF2Dt0Dq0ysaq2V4-ccGSSQJykkcgIIARpXBDKAcGxJ3QMmPcH6Co3vw:1nYmZ6:taZ3NySHldbjHDrK-mYQNo60xjnBC6uURUzpUxyGm_Y", "expire_date": "2022-04-11T10:25:36.314Z"}}, {"model": "sessions.session", "pk": "4jokoj4iupe4j7g14dbake2pk3bur19w", "fields": {"session_data": ".eJxVjDEOwjAQBP_iGlk5xz5ylPS8IbJ9Cw6gRIqTCvF3iJQC2p2ZfZk-rkvp14q5H9ScDJnD75ZifmDcgN7jeJtsnsZlHpLdFLvTai-T4nne3b-DEmv51klF2Dt0Dq0ysaq2V4-ccGSSQJykkcgIIARpXBDKAcGxJ3QMmPcH6Co3vw:1nXbie:t4a2hOatt8t53tm9cFJQRlGn0ofX8zvgW831oKZdBfs", "expire_date": "2022-04-08T04:38:36.804Z"}}, {"model": "sessions.session", "pk": "ewjfujoyrl0zopt4yn1fmin66josws74", "fields": {"session_data": ".eJxVjDEOwjAQBP_iGlk5xz5ylPS8IbJ9Cw6gRIqTCvF3iJQC2p2ZfZk-rkvp14q5H9ScDJnD75ZifmDcgN7jeJtsnsZlHpLdFLvTai-T4nne3b-DEmv51klF2Dt0Dq0ysaq2V4-ccGSSQJykkcgIIARpXBDKAcGxJ3QMmPcH6Co3vw:1nOLN7:Z8HKNlapY0gujMxL4WCU79254-PmU5Z9vMWn-QNv_C4", "expire_date": "2022-03-13T15:22:05.160Z"}}]