[{"model": "spla.subweapon", "pk": 0, "fields": {"name": "スプラッシュボム", "explanation": "投擲すると着地したあと爆発して敵を倒せるボム。遠距離の敵に投げたり近くに転がして敵を引っ掛けたりできる。", "image": "sub_img/0_スプラッシュボム.png"}}, {"model": "spla.subweapon", "pk": 1, "fields": {"name": "キューバンボム", "explanation": "投擲すると壁、天井、床にくっついて爆発するボム。攻撃範囲が広く、敵を追い払うのに向いている。", "image": "sub_img/1_キューバンボム.png"}}, {"model": "spla.subweapon", "pk": 2, "fields": {"name": "クイックボム", "explanation": "投げて敵や壁などに直接ぶつけ、爆発させるボム。威力は低いが素早く足元を塗ったり、メインウェポンとの連携に使える。", "image": "sub_img/2_クイックボム.png"}}, {"model": "spla.subweapon", "pk": 3, "fields": {"name": "カーリングボム", "explanation": "地面を滑らせるボム。溜めなしだと速度が早く、移動手段に使える。長く溜めるほど近距離で爆発し、眼下の敵を倒すのに便利。", "image": "sub_img/3_カーリングボム.png"}}, {"model": "spla.subweapon", "pk": 4, "fields": {"name": "ロボットボム", "explanation": "投げると着地地点から一定範囲の敵をロックオンして追跡、爆破。乱戦に投げ込んで事故を誘発したり、高台に居座る敵を追い払える。", "image": "sub_img/4_ロボットボム.png"}}, {"model": "spla.subweapon", "pk": 5, "fields": {"name": "タンサンボム", "explanation": "Ver.4.1アップデートで新登場。小刻みに動いてパワーを溜めると、投げた時に塗れる道の範囲と爆発する回数が増える。", "image": "sub_img/5_タンサンボム.png"}}, {"model": "spla.subweapon", "pk": 6, "fields": {"name": "トーピード", "explanation": "Ver.4.2アップデートで新登場。相手の近くに投げると空中で変形し、相手をめがけて飛んでいく。その後、周りに小爆発を起こす。", "image": "sub_img/6_トーピード.png"}}, {"model": "spla.subweapon", "pk": 7, "fields": {"name": "トラップ", "explanation": "その場に設置して、敵が近づくと爆発。攻撃とマーキングをする。裏取りする敵を事前に察知したり、メインウェポンと連携を図るのに便利。", "image": "sub_img/7_トラップ.png"}}, {"model": "spla.subweapon", "pk": 8, "fields": {"name": "ポイズンミスト", "explanation": "投げると毒霧を展開し、中の敵は移動速度がダウン、インクが減っていく。道を封鎖したり敵を追い払うのに有用。", "image": "sub_img/8_ポイズンミスト.png"}}, {"model": "spla.subweapon", "pk": 9, "fields": {"name": "ポイントセンサー", "explanation": "投げると一定範囲の敵をマーキングする。クリアリング用途や、マーキングした敵に不意打ちしたりできる。", "image": "sub_img/9_ポイントセンサー.png"}}, {"model": "spla.subweapon", "pk": 10, "fields": {"name": "スプラッシュシールド", "explanation": "目の前にシャワー状のシールドを展開する。後ろから一方的に攻撃しよう。", "image": "sub_img/10_スプラッシュシールド.png"}}, {"model": "spla.subweapon", "pk": 11, "fields": {"name": "ジャンプビーコン", "explanation": "その場に設置すると、味方や自分がスーパージャンプできる。前線にすばやく味方を送り込める。", "image": "sub_img/11_ジャンプビーコン.png"}}, {"model": "spla.subweapon", "pk": 12, "fields": {"name": "スプリンクラー", "explanation": "投げるとキューバンボムのようにくっつき、インクを撒き散らす。細かい自陣塗りに有用。", "image": "sub_img/12_スプリンクラー.png"}}, {"model": "spla.special", "pk": 0, "fields": {"name": "マルチミサイル", "explanation": "照準に入れた敵に向かって復数のミサイルを撃ち込む。ダメージを受けた敵をメインで追撃しよう。ミサイル発射中は照準に入れた敵の数に応じて硬直時間が長くなる。", "image": "sp_img/0_マルチミサイル.png"}}, {"model": "spla.special", "pk": 1, "fields": {"name": "ハイパープレッサー", "explanation": "地形を貫通する高圧インクを放つ。攻撃していない間はサーマルインク効果で相手の位置も分かる。ホコやヤグラを止めるのにとても強力だが、機動力が低くほとんど棒立ちに近い。", "image": "sp_img/1_ハイパープレッサー.png"}}, {"model": "spla.special", "pk": 2, "fields": {"name": "ジェットパック", "explanation": "ジェットで空中に浮遊して、爆発する弾を撃ち出す。真下に放出されているジェットで地形を飛び越えることもできる。", "image": "sp_img/2_ジェットパック.png"}}, {"model": "spla.special", "pk": 3, "fields": {"name": "スーパーチャクチ", "explanation": "その場で跳び上がり、勢いよく着地して爆発を起こす。スーパージャンプ中でも使える。これで敵を追撃したり、逆にチャクチの後に追撃を入れられる。ただし飛び上がっている最中は無防備。", "image": "sp_img/3_スーパーチャクチ.png"}}, {"model": "spla.special", "pk": 4, "fields": {"name": "インクアーマー", "explanation": "自分を含めた味方全員にアーマーを付与し、一定のダメージを肩代わりしてくれる。自分のインク回復にも便利だが、一定以上のダメージを受けると貫通し、大きく後方へ弾き飛ばされてしまう。", "image": "sp_img/4_インクアーマー.png"}}, {"model": "spla.special", "pk": 5, "fields": {"name": "ボムピッチャー(スプラッシュボム)", "explanation": "スプラッシュボムを連続で投げられる、単純明快なスペシャル。エリアの制圧、ホコバリア割り、果てはインク回復まで可能。なお、前作ボムラッシュと違いサブウェポンのボムを投げるわけではない。", "image": "sp_img/5_ボムピッチャースプラッシュボム.png"}}, {"model": "spla.special", "pk": 6, "fields": {"name": "ボムピッチャー(キューバンボム)", "explanation": "キューバンボムを連続で投げられる、単純明快なスペシャル。エリアの制圧、ホコバリア割り、果てはインク回復まで可能。なお、前作ボムラッシュと違いサブウェポンのボムを投げるわけではない。", "image": "sp_img/6_ボムピッチャーキューバンボム.png"}}, {"model": "spla.special", "pk": 7, "fields": {"name": "ボムピッチャー(クイックボム)", "explanation": "クイックボムを連続で投げられる、単純明快なスペシャル。エリアの制圧、ホコバリア割り、果てはインク回復まで可能。なお、前作ボムラッシュと違いサブウェポンのボムを投げるわけではない。", "image": "sp_img/7_ボムピッチャークイックボム.png"}}, {"model": "spla.special", "pk": 8, "fields": {"name": "ボムピッチャー(カーリングボム)", "explanation": "カーリングボムを連続で投げられる、単純明快なスペシャル。エリアの制圧、ホコバリア割り、果てはインク回復まで可能。なお、前作ボムラッシュと違いサブウェポンのボムを投げるわけではない。", "image": "sp_img/8_ボムピッチャーカーリングボム.png"}}, {"model": "spla.special", "pk": 9, "fields": {"name": "ボムピッチャー(ロボットボム)", "explanation": "ロボットボムを連続で投げられる、単純明快なスペシャル。エリアの制圧、ホコバリア割り、果てはインク回復まで可能。なお、前作ボムラッシュと違いサブウェポンのボムを投げるわけではない。", "image": "sp_img/9_ボムピッチャーロボットボム.png"}}, {"model": "spla.special", "pk": 10, "fields": {"name": "アメフラシ", "explanation": "投げると雨雲を生み出し、真下をまばらに塗りながらスリップダメージを与える。エリアを塗ったり、ダメージを受けた敵をメインウェポンで追撃したりと応用が効く。", "image": "sp_img/10_アメフラシ.png"}}, {"model": "spla.special", "pk": 11, "fields": {"name": "イカスフィア", "explanation": "ボールの中に入り、コロコロ転がっていき、ZR長押しで爆発。油断している敵を不意打ちしたり、ヤグラを死守するのに有効。攻撃を受け続けると壊れるので無敵ではない。", "image": "sp_img/11_イカスフィア.png"}}, {"model": "spla.special", "pk": 12, "fields": {"name": "バブルランチャー", "explanation": "巨大なバブルを3つ生み出し、攻撃すると割って爆破する。エリアを制圧したり、アサリを無理やりねじ込むのに強力。ただし、相手の攻撃を受けるとバブルがしぼみ、消滅してしまう。", "image": "sp_img/12_バブルランチャー.png"}}, {"model": "spla.special", "pk": 13, "fields": {"name": "ナイスダマ", "explanation": "Ver.4.1から新登場。力を溜めて作ったインクの塊を投げつけ大爆発を起こす。自分や味方の「ナイス！」でパワーがすばやく溜まる。「ナイス！」を送った仲間は、少しスペシャルゲージが増える。", "image": "sp_img/13_ナイスダマ.png"}}, {"model": "spla.special", "pk": 14, "fields": {"name": "ウルトラハンコ", "explanation": "Ver.4.2から新登場。大型のピコピコハンマーのようなハンコを地面に叩き付けながら前進して攻撃する。時間内であればRボタンを押す事でハンコを投げ、敵を一撃で倒す事もできるが、その時点でスペシャルは終了してしまう。", "image": "sp_img/14_ウルトラハンコ.png"}}, {"model": "spla.weapon_class", "pk": 0, "fields": {"name": "シューター", "explanation": "ZR長押しでオート連射できるブキ。標準的で扱いやすい。"}}, {"model": "spla.weapon_class", "pk": 1, "fields": {"name": "ブラスター", "explanation": "直線に飛んでいく弾が一定距離で爆発。障害物の向こう側も攻撃できる。連射は低め。"}}, {"model": "spla.weapon_class", "pk": 2, "fields": {"name": "リールガン", "explanation": "シューターの亜種。ZR長押しで連射できず、1トリガーで3点バーストする。操作が難しい分、性能は高い。"}}, {"model": "spla.weapon_class", "pk": 3, "fields": {"name": "ボトルガイザー", "explanation": "シューターの亜種。ZR連打と長押しで性能が変わる。やはり操作が難しい分性能は高い。"}}, {"model": "spla.weapon_class", "pk": 4, "fields": {"name": "チャージャー", "explanation": "ZRを長押ししてチャージし、離すと射撃するスナイパー。遠距離の敵を瞬殺できるが、正確に狙いを付ける必要がある。"}}, {"model": "spla.weapon_class", "pk": 5, "fields": {"name": "ローラー", "explanation": "振りかぶって敵に叩きつけるように使う。連射が遅い分威力が高い。ZR長押しでコロコロ転がしてきれいに塗れる。"}}, {"model": "spla.weapon_class", "pk": 6, "fields": {"name": "フデ", "explanation": "ZR長押しの塗り進みはイカダッシュに匹敵する速度で、敵陣地でもスイスイ動ける。攻撃は主にZR連打。"}}, {"model": "spla.weapon_class", "pk": 7, "fields": {"name": "スピナー", "explanation": "チャージャーのようにチャージ。ZRを離すと機関銃のごとき連射で弾幕を遠距離まで張れる。"}}, {"model": "spla.weapon_class", "pk": 8, "fields": {"name": "スロッシャー", "explanation": "バケツや洗濯機、バスタブなどの器からインクを放つブキ。特殊なブキが多く特徴を掴みづらいが、曲射が得意な傾向にある。"}}, {"model": "spla.weapon_class", "pk": 9, "fields": {"name": "マニューバー", "explanation": "二丁拳銃。ZRを押しながらBで2回(種類によっては4回、又はインクがある限り無限)までスライドができる。スライド後の射撃は強力。"}}, {"model": "spla.weapon_class", "pk": 10, "fields": {"name": "シェルター", "explanation": "ZRでショットガンのように散弾を放つ。ZR長押しで傘を展開し、身を守れる。"}}, {"model": "spla.weight", "pk": 0, "fields": {"name": "軽"}}, {"model": "spla.weight", "pk": 1, "fields": {"name": "中"}}, {"model": "spla.weight", "pk": 2, "fields": {"name": "重"}}, {"model": "spla.attack_class", "pk": 1, "fields": {"name": "通常"}}, {"model": "spla.attack_class", "pk": 2, "fields": {"name": "連射"}}, {"model": "spla.attack_class", "pk": 3, "fields": {"name": "単発"}}, {"model": "spla.attack_class", "pk": 4, "fields": {"name": "スライド"}}, {"model": "spla.attack_class", "pk": 5, "fields": {"name": "直撃"}}, {"model": "spla.attack_class", "pk": 6, "fields": {"name": "爆風"}}, {"model": "spla.attack_class", "pk": 7, "fields": {"name": "ヨコ（最長）"}}, {"model": "spla.attack_class", "pk": 8, "fields": {"name": "ヨコ（100ダメージ）"}}, {"model": "spla.attack_class", "pk": 9, "fields": {"name": "タテ（最長）"}}, {"model": "spla.attack_class", "pk": 10, "fields": {"name": "タテ（100ダメージ）"}}, {"model": "spla.attack_class", "pk": 11, "fields": {"name": "散弾"}}, {"model": "spla.attack_class", "pk": 12, "fields": {"name": "短射程"}}, {"model": "spla.attack_class", "pk": 13, "fields": {"name": "長射程"}}, {"model": "spla.attack_class", "pk": 14, "fields": {"name": "フルチャージ"}}, {"model": "spla.attack_class", "pk": 15, "fields": {"name": "チャージなし"}}, {"model": "spla.main", "pk": 0, "fields": {"name": "わかばシューター", "weapon_class": 0, "weight": 0, "explanation": "特になし", "image": ""}}, {"model": "spla.main", "pk": 1, "fields": {"name": "スプラシューター", "weapon_class": 0, "weight": 1, "explanation": "特になし", "image": ""}}, {"model": "spla.main", "pk": 2, "fields": {"name": "プライムシューター", "weapon_class": 0, "weight": 1, "explanation": "特になし", "image": ""}}, {"model": "spla.main", "pk": 3, "fields": {"name": ".52ガロン", "weapon_class": 0, "weight": 1, "explanation": "特になし", "image": ""}}, {"model": "spla.main", "pk": 4, "fields": {"name": ".96ガロン", "weapon_class": 0, "weight": 1, "explanation": "特になし", "image": ""}}, {"model": "spla.main", "pk": 5, "fields": {"name": "ジェットスイーパー", "weapon_class": 0, "weight": 1, "explanation": "特になし", "image": ""}}, {"model": "spla.main", "pk": 6, "fields": {"name": "ボールドマーカー", "weapon_class": 0, "weight": 0, "explanation": "特になし", "image": ""}}, {"model": "spla.main", "pk": 7, "fields": {"name": "シャープマーカー", "weapon_class": 0, "weight": 0, "explanation": "特になし", "image": ""}}, {"model": "spla.main", "pk": 8, "fields": {"name": "N-ZAP85", "weapon_class": 0, "weight": 0, "explanation": "特になし", "image": ""}}, {"model": "spla.main", "pk": 9, "fields": {"name": "プロモデラーMG", "weapon_class": 0, "weight": 0, "explanation": "特になし", "image": ""}}, {"model": "spla.main", "pk": 10, "fields": {"name": "ホットブラスター", "weapon_class": 1, "weight": 1, "explanation": "特になし", "image": ""}}, {"model": "spla.main", "pk": 11, "fields": {"name": "ロングブラスター", "weapon_class": 1, "weight": 1, "explanation": "特になし", "image": ""}}, {"model": "spla.main", "pk": 12, "fields": {"name": "ラピッドブラスター", "weapon_class": 1, "weight": 1, "explanation": "特になし", "image": ""}}, {"model": "spla.main", "pk": 13, "fields": {"name": "Rブラスターエリート", "weapon_class": 1, "weight": 1, "explanation": "特になし", "image": ""}}, {"model": "spla.main", "pk": 14, "fields": {"name": "ノヴァブラスター", "weapon_class": 1, "weight": 0, "explanation": "特になし", "image": ""}}, {"model": "spla.main", "pk": 15, "fields": {"name": "クラッシュブラスター", "weapon_class": 1, "weight": 0, "explanation": "特になし", "image": ""}}, {"model": "spla.main", "pk": 16, "fields": {"name": "L3リールガン", "weapon_class": 2, "weight": 1, "explanation": "特になし", "image": ""}}, {"model": "spla.main", "pk": 17, "fields": {"name": "H3リールガン", "weapon_class": 2, "weight": 1, "explanation": "特になし", "image": ""}}, {"model": "spla.main", "pk": 18, "fields": {"name": "ボトルガイザー", "weapon_class": 3, "weight": 1, "explanation": "特になし", "image": ""}}, {"model": "spla.main", "pk": 19, "fields": {"name": "スプラローラー", "weapon_class": 5, "weight": 1, "explanation": "特になし", "image": ""}}, {"model": "spla.main", "pk": 20, "fields": {"name": "カーボンローラー", "weapon_class": 5, "weight": 0, "explanation": "特になし", "image": ""}}, {"model": "spla.main", "pk": 21, "fields": {"name": "ヴァリアブルローラー", "weapon_class": 5, "weight": 1, "explanation": "特になし", "image": ""}}, {"model": "spla.main", "pk": 22, "fields": {"name": "ダイナモローラー", "weapon_class": 5, "weight": 2, "explanation": "特になし", "image": ""}}, {"model": "spla.main", "pk": 23, "fields": {"name": "パブロ", "weapon_class": 6, "weight": 0, "explanation": "特になし", "image": ""}}, {"model": "spla.main", "pk": 24, "fields": {"name": "ホクサイ", "weapon_class": 6, "weight": 1, "explanation": "特になし", "image": ""}}, {"model": "spla.main", "pk": 25, "fields": {"name": "スプラチャージャー", "weapon_class": 4, "weight": 1, "explanation": "特になし", "image": ""}}, {"model": "spla.main", "pk": 26, "fields": {"name": "スプラスコープ", "weapon_class": 4, "weight": 1, "explanation": "特になし", "image": ""}}, {"model": "spla.main", "pk": 27, "fields": {"name": "リッター4K", "weapon_class": 4, "weight": 2, "explanation": "特になし", "image": ""}}, {"model": "spla.main", "pk": 28, "fields": {"name": "4Kスコープ", "weapon_class": 4, "weight": 2, "explanation": "特になし", "image": ""}}, {"model": "spla.main", "pk": 29, "fields": {"name": "ソイチューバー", "weapon_class": 4, "weight": 1, "explanation": "特になし", "image": ""}}, {"model": "spla.main", "pk": 30, "fields": {"name": "スクイックリンα", "weapon_class": 4, "weight": 1, "explanation": "特になし", "image": ""}}, {"model": "spla.main", "pk": 31, "fields": {"name": "14式竹筒銃・甲", "weapon_class": 4, "weight": 0, "explanation": "特になし", "image": ""}}, {"model": "spla.main", "pk": 32, "fields": {"name": "バケットスロッシャー", "weapon_class": 8, "weight": 1, "explanation": "特になし", "image": ""}}, {"model": "spla.main", "pk": 33, "fields": {"name": "ヒッセン", "weapon_class": 8, "weight": 0, "explanation": "特になし", "image": ""}}, {"model": "spla.main", "pk": 34, "fields": {"name": "スクリュースロッシャー", "weapon_class": 8, "weight": 1, "explanation": "特になし", "image": ""}}, {"model": "spla.main", "pk": 35, "fields": {"name": "オーバーフロッシャー", "weapon_class": 8, "weight": 1, "explanation": "特になし", "image": ""}}, {"model": "spla.main", "pk": 36, "fields": {"name": "エクスプロッシャー", "weapon_class": 8, "weight": 2, "explanation": "特になし", "image": ""}}, {"model": "spla.main", "pk": 37, "fields": {"name": "バレルスピナー", "weapon_class": 7, "weight": 1, "explanation": "特になし", "image": ""}}, {"model": "spla.main", "pk": 38, "fields": {"name": "スプラスピナー", "weapon_class": 7, "weight": 1, "explanation": "特になし", "image": ""}}, {"model": "spla.main", "pk": 39, "fields": {"name": "ハイドラント", "weapon_class": 7, "weight": 2, "explanation": "特になし", "image": ""}}, {"model": "spla.main", "pk": 40, "fields": {"name": "クーゲルシュライバー", "weapon_class": 7, "weight": 1, "explanation": "特になし", "image": ""}}, {"model": "spla.main", "pk": 41, "fields": {"name": "ノーチラス47", "weapon_class": 7, "weight": 1, "explanation": "特になし", "image": ""}}, {"model": "spla.main", "pk": 42, "fields": {"name": "スプラマニューバー", "weapon_class": 9, "weight": 1, "explanation": "特になし", "image": ""}}, {"model": "spla.main", "pk": 43, "fields": {"name": "スパッタリー", "weapon_class": 9, "weight": 0, "explanation": "特になし", "image": ""}}, {"model": "spla.main", "pk": 44, "fields": {"name": "デュアルスイーパー", "weapon_class": 9, "weight": 1, "explanation": "特になし", "image": ""}}, {"model": "spla.main", "pk": 45, "fields": {"name": "ケルビン525", "weapon_class": 9, "weight": 1, "explanation": "特になし", "image": ""}}, {"model": "spla.main", "pk": 46, "fields": {"name": "クアッドホッパーブラック", "weapon_class": 9, "weight": 1, "explanation": "特になし", "image": ""}}, {"model": "spla.main", "pk": 47, "fields": {"name": "パラシェルター", "weapon_class": 10, "weight": 1, "explanation": "特になし", "image": ""}}, {"model": "spla.main", "pk": 48, "fields": {"name": "キャンピングシェルター", "weapon_class": 10, "weight": 2, "explanation": "特になし", "image": ""}}, {"model": "spla.main", "pk": 49, "fields": {"name": "スパイガジェット", "weapon_class": 10, "weight": 0, "explanation": "特になし", "image": ""}}, {"model": "spla.range", "pk": 1, "fields": {"range_name": 1, "main": 0, "range": "2.30"}}, {"model": "spla.range", "pk": 2, "fields": {"range_name": 1, "main": 1, "range": "2.60"}}, {"model": "spla.range", "pk": 3, "fields": {"range_name": 1, "main": 2, "range": "3.50"}}, {"model": "spla.range", "pk": 4, "fields": {"range_name": 1, "main": 3, "range": "2.80"}}, {"model": "spla.range", "pk": 5, "fields": {"range_name": 1, "main": 4, "range": "3.70"}}, {"model": "spla.range", "pk": 6, "fields": {"range_name": 1, "main": 5, "range": "4.60"}}, {"model": "spla.range", "pk": 7, "fields": {"range_name": 1, "main": 6, "range": "1.70"}}, {"model": "spla.range", "pk": 8, "fields": {"range_name": 1, "main": 7, "range": "2.40"}}, {"model": "spla.range", "pk": 9, "fields": {"range_name": 1, "main": 8, "range": "2.60"}}, {"model": "spla.range", "pk": 10, "fields": {"range_name": 1, "main": 9, "range": "2.30"}}, {"model": "spla.range", "pk": 11, "fields": {"range_name": 5, "main": 10, "range": "2.10"}}, {"model": "spla.range", "pk": 12, "fields": {"range_name": 6, "main": 10, "range": "2.70"}}, {"model": "spla.range", "pk": 13, "fields": {"range_name": 5, "main": 11, "range": "2.80"}}, {"model": "spla.range", "pk": 14, "fields": {"range_name": 6, "main": 11, "range": "3.40"}}, {"model": "spla.range", "pk": 15, "fields": {"range_name": 5, "main": 12, "range": "3.10"}}, {"model": "spla.range", "pk": 16, "fields": {"range_name": 6, "main": 12, "range": "3.80"}}, {"model": "spla.range", "pk": 17, "fields": {"range_name": 5, "main": 13, "range": "3.60"}}, {"model": "spla.range", "pk": 18, "fields": {"range_name": 6, "main": 13, "range": "4.20"}}, {"model": "spla.range", "pk": 19, "fields": {"range_name": 5, "main": 14, "range": "1.60"}}, {"model": "spla.range", "pk": 20, "fields": {"range_name": 6, "main": 14, "range": "2.30"}}, {"model": "spla.range", "pk": 21, "fields": {"range_name": 5, "main": 15, "range": "1.90"}}, {"model": "spla.range", "pk": 22, "fields": {"range_name": 6, "main": 15, "range": "2.60"}}, {"model": "spla.range", "pk": 23, "fields": {"range_name": 1, "main": 16, "range": "3.10"}}, {"model": "spla.range", "pk": 24, "fields": {"range_name": 1, "main": 17, "range": "3.50"}}, {"model": "spla.range", "pk": 25, "fields": {"range_name": 2, "main": 18, "range": "2.60"}}, {"model": "spla.range", "pk": 26, "fields": {"range_name": 3, "main": 18, "range": "4.10"}}, {"model": "spla.range", "pk": 27, "fields": {"range_name": 7, "main": 19, "range": "2.50"}}, {"model": "spla.range", "pk": 28, "fields": {"range_name": 8, "main": 19, "range": "1.60"}}, {"model": "spla.range", "pk": 29, "fields": {"range_name": 9, "main": 19, "range": "3.30"}}, {"model": "spla.range", "pk": 30, "fields": {"range_name": 10, "main": 19, "range": "1.90"}}, {"model": "spla.range", "pk": 31, "fields": {"range_name": 7, "main": 20, "range": "1.60"}}, {"model": "spla.range", "pk": 32, "fields": {"range_name": 8, "main": 20, "range": "1.00"}}, {"model": "spla.range", "pk": 33, "fields": {"range_name": 9, "main": 20, "range": "2.70"}}, {"model": "spla.range", "pk": 34, "fields": {"range_name": 10, "main": 20, "range": "1.50"}}, {"model": "spla.range", "pk": 35, "fields": {"range_name": 7, "main": 21, "range": "2.20"}}, {"model": "spla.range", "pk": 36, "fields": {"range_name": 8, "main": 21, "range": "1.60"}}, {"model": "spla.range", "pk": 37, "fields": {"range_name": 9, "main": 21, "range": "4.10"}}, {"model": "spla.range", "pk": 38, "fields": {"range_name": 10, "main": 21, "range": "2.10"}}, {"model": "spla.range", "pk": 39, "fields": {"range_name": 7, "main": 22, "range": "3.20"}}, {"model": "spla.range", "pk": 40, "fields": {"range_name": 8, "main": 22, "range": "2.20"}}, {"model": "spla.range", "pk": 41, "fields": {"range_name": 9, "main": 22, "range": "4.80"}}, {"model": "spla.range", "pk": 42, "fields": {"range_name": 10, "main": 22, "range": "2.60"}}, {"model": "spla.range", "pk": 43, "fields": {"range_name": 1, "main": 23, "range": "1.60"}}, {"model": "spla.range", "pk": 44, "fields": {"range_name": 1, "main": 24, "range": "2.10"}}, {"model": "spla.range", "pk": 45, "fields": {"range_name": 14, "main": 25, "range": "5.20"}}, {"model": "spla.range", "pk": 46, "fields": {"range_name": 15, "main": 25, "range": "2.30"}}, {"model": "spla.range", "pk": 47, "fields": {"range_name": 14, "main": 26, "range": "5.70"}}, {"model": "spla.range", "pk": 48, "fields": {"range_name": 15, "main": 26, "range": "2.30"}}, {"model": "spla.range", "pk": 49, "fields": {"range_name": 14, "main": 27, "range": "6.20"}}, {"model": "spla.range", "pk": 50, "fields": {"range_name": 15, "main": 26, "range": "2.30"}}, {"model": "spla.range", "pk": 51, "fields": {"range_name": 14, "main": 28, "range": "6.70"}}, {"model": "spla.range", "pk": 52, "fields": {"range_name": 15, "main": 28, "range": "2.30"}}, {"model": "spla.range", "pk": 53, "fields": {"range_name": 14, "main": 29, "range": "4.30"}}, {"model": "spla.range", "pk": 54, "fields": {"range_name": 15, "main": 29, "range": "2.90"}}, {"model": "spla.range", "pk": 55, "fields": {"range_name": 14, "main": 30, "range": "3.80"}}, {"model": "spla.range", "pk": 56, "fields": {"range_name": 15, "main": 30, "range": "2.30"}}, {"model": "spla.range", "pk": 57, "fields": {"range_name": 14, "main": 31, "range": "4.30"}}, {"model": "spla.range", "pk": 58, "fields": {"range_name": 15, "main": 31, "range": "4.30"}}, {"model": "spla.range", "pk": 59, "fields": {"range_name": 1, "main": 32, "range": "3.10"}}, {"model": "spla.range", "pk": 60, "fields": {"range_name": 1, "main": 33, "range": "2.40"}}, {"model": "spla.range", "pk": 61, "fields": {"range_name": 5, "main": 34, "range": "3.00"}}, {"model": "spla.range", "pk": 62, "fields": {"range_name": 6, "main": 34, "range": "3.30"}}, {"model": "spla.range", "pk": 63, "fields": {"range_name": 1, "main": 35, "range": "5.50"}}, {"model": "spla.range", "pk": 64, "fields": {"range_name": 5, "main": 36, "range": "4.20"}}, {"model": "spla.range", "pk": 65, "fields": {"range_name": 6, "main": 36, "range": "4.70"}}, {"model": "spla.range", "pk": 66, "fields": {"range_name": 1, "main": 37, "range": "4.50"}}, {"model": "spla.range", "pk": 67, "fields": {"range_name": 1, "main": 38, "range": "3.20"}}, {"model": "spla.range", "pk": 68, "fields": {"range_name": 1, "main": 39, "range": "5.20"}}, {"model": "spla.range", "pk": 69, "fields": {"range_name": 12, "main": 40, "range": "2.40"}}, {"model": "spla.range", "pk": 70, "fields": {"range_name": 13, "main": 40, "range": "4.80"}}, {"model": "spla.range", "pk": 71, "fields": {"range_name": 1, "main": 41, "range": "3.80"}}, {"model": "spla.range", "pk": 72, "fields": {"range_name": 1, "main": 42, "range": "2.60"}}, {"model": "spla.range", "pk": 73, "fields": {"range_name": 1, "main": 43, "range": "2.00"}}, {"model": "spla.range", "pk": 74, "fields": {"range_name": 1, "main": 44, "range": "3.50"}}, {"model": "spla.range", "pk": 75, "fields": {"range_name": 1, "main": 45, "range": "3.10"}}, {"model": "spla.range", "pk": 76, "fields": {"range_name": 4, "main": 45, "range": "3.50"}}, {"model": "spla.range", "pk": 77, "fields": {"range_name": 1, "main": 46, "range": "2.90"}}, {"model": "spla.range", "pk": 78, "fields": {"range_name": 5, "main": 47, "range": "2.10"}}, {"model": "spla.range", "pk": 79, "fields": {"range_name": 11, "main": 47, "range": "2.60"}}, {"model": "spla.range", "pk": 80, "fields": {"range_name": 5, "main": 48, "range": "2.30"}}, {"model": "spla.range", "pk": 81, "fields": {"range_name": 11, "main": 48, "range": "3.30"}}, {"model": "spla.range", "pk": 82, "fields": {"range_name": 5, "main": 49, "range": "2.30"}}, {"model": "spla.range", "pk": 83, "fields": {"range_name": 11, "main": 49, "range": "2.70"}}, {"model": "spla.weapon", "pk": 0, "fields": {"name": "わかばシューター", "main": 0, "sub": 0, "special": 4, "sp_point": 180, "image": "weapon_img/0_わかばシューター.png"}}, {"model": "spla.weapon", "pk": 1, "fields": {"name": "もみじシューター", "main": 0, "sub": 4, "special": 10, "sp_point": 160, "image": "weapon_img/1_もみじシューター.png"}}, {"model": "spla.weapon", "pk": 2, "fields": {"name": "おちばシューター", "main": 0, "sub": 6, "special": 12, "sp_point": 190, "image": "weapon_img/2_おちばシューター.png"}}, {"model": "spla.weapon", "pk": 3, "fields": {"name": "スプラシューター", "main": 1, "sub": 2, "special": 3, "sp_point": 170, "image": "weapon_img/3_スプラシューター.png"}}, {"model": "spla.weapon", "pk": 4, "fields": {"name": "スプラシューターコラボ", "main": 1, "sub": 0, "special": 2, "sp_point": 200, "image": "weapon_img/4_スプラシューターコラボ.png"}}, {"model": "spla.weapon", "pk": 5, "fields": {"name": "スプラシューターベッチュー", "main": 1, "sub": 1, "special": 0, "sp_point": 180, "image": "weapon_img/5_スプラシューターベッチュー.png"}}, {"model": "spla.weapon", "pk": 6, "fields": {"name": "プライムシューター", "main": 2, "sub": 9, "special": 10, "sp_point": 170, "image": "weapon_img/6_プライムシューター.png"}}, {"model": "spla.weapon", "pk": 7, "fields": {"name": "プライムシューターコラボ", "main": 2, "sub": 1, "special": 12, "sp_point": 190, "image": "weapon_img/7_プライムシューターコラボ.png"}}, {"model": "spla.weapon", "pk": 8, "fields": {"name": "プライムシューターベッチュー", "main": 2, "sub": 0, "special": 13, "sp_point": 210, "image": "weapon_img/8_プライムシューターベッチュー.png"}}, {"model": "spla.weapon", "pk": 9, "fields": {"name": ".52ガロン", "main": 3, "sub": 9, "special": 11, "sp_point": 170, "image": "weapon_img/9_.52ガロン.png"}}, {"model": "spla.weapon", "pk": 10, "fields": {"name": ".52ガロンデコ", "main": 3, "sub": 3, "special": 1, "sp_point": 190, "image": "weapon_img/10_.52ガロンデコ.png"}}, {"model": "spla.weapon", "pk": 11, "fields": {"name": ".52ガロンベッチュー", "main": 3, "sub": 10, "special": 13, "sp_point": 190, "image": "weapon_img/11_.52ガロンベッチュー.png"}}, {"model": "spla.weapon", "pk": 12, "fields": {"name": ".96ガロン", "main": 4, "sub": 12, "special": 4, "sp_point": 190, "image": "weapon_img/12_.96ガロン.png"}}, {"model": "spla.weapon", "pk": 13, "fields": {"name": ".96ガロンデコ", "main": 4, "sub": 10, "special": 3, "sp_point": 170, "image": "weapon_img/13_.96ガロンデコ.png"}}, {"model": "spla.weapon", "pk": 14, "fields": {"name": "ジェットスイーパー", "main": 5, "sub": 8, "special": 0, "sp_point": 180, "image": "weapon_img/14_ジェットスイーパー.png"}}, {"model": "spla.weapon", "pk": 15, "fields": {"name": "ジェットスイーパーカスタム", "main": 5, "sub": 2, "special": 1, "sp_point": 190, "image": "weapon_img/15_ジェットスイーパーカスタム.png"}}, {"model": "spla.weapon", "pk": 16, "fields": {"name": "ボールドマーカー", "main": 6, "sub": 3, "special": 3, "sp_point": 160, "image": "weapon_img/16_ボールドマーカー.png"}}, {"model": "spla.weapon", "pk": 17, "fields": {"name": "ボールドマーカーネオ", "main": 6, "sub": 11, "special": 0, "sp_point": 170, "image": "weapon_img/17_ボールドマーカーネオ.png"}}, {"model": "spla.weapon", "pk": 18, "fields": {"name": "ボールドマーカー7", "main": 6, "sub": 0, "special": 14, "sp_point": 180, "image": "weapon_img/18_ボールドマーカー7.png"}}, {"model": "spla.weapon", "pk": 19, "fields": {"name": "シャープマーカー", "main": 7, "sub": 8, "special": 2, "sp_point": 170, "image": "weapon_img/19_シャープマーカー.png"}}, {"model": "spla.weapon", "pk": 20, "fields": {"name": "シャープマーカーネオ", "main": 7, "sub": 2, "special": 6, "sp_point": 210, "image": "weapon_img/20_シャープマーカーネオ.png"}}, {"model": "spla.weapon", "pk": 21, "fields": {"name": "N-ZAP85", "main": 8, "sub": 1, "special": 4, "sp_point": 200, "image": "weapon_img/21_N-ZAP85.png"}}, {"model": "spla.weapon", "pk": 22, "fields": {"name": "N-ZAP89", "main": 8, "sub": 4, "special": 0, "sp_point": 180, "image": "weapon_img/22_N-ZAP89.png"}}, {"model": "spla.weapon", "pk": 23, "fields": {"name": "N-ZAP83", "main": 8, "sub": 12, "special": 10, "sp_point": 170, "image": "weapon_img/23_N-ZAP83.png"}}, {"model": "spla.weapon", "pk": 24, "fields": {"name": "プロモデラーMG", "main": 9, "sub": 1, "special": 8, "sp_point": 160, "image": "weapon_img/24_プロモデラーMG.png"}}, {"model": "spla.weapon", "pk": 25, "fields": {"name": "プロモデラーRG", "main": 9, "sub": 12, "special": 11, "sp_point": 180, "image": "weapon_img/25_プロモデラーRG.png"}}, {"model": "spla.weapon", "pk": 26, "fields": {"name": "プロモデラーPG", "main": 9, "sub": 2, "special": 13, "sp_point": 190, "image": "weapon_img/26_プロモデラーPG.png"}}, {"model": "spla.weapon", "pk": 27, "fields": {"name": "ホットブラスター", "main": 10, "sub": 8, "special": 3, "sp_point": 170, "image": "weapon_img/27_ホットブラスター.png"}}, {"model": "spla.weapon", "pk": 28, "fields": {"name": "ホットブラスターカスタム", "main": 10, "sub": 4, "special": 2, "sp_point": 190, "image": "weapon_img/28_ホットブラスターカスタム.png"}}, {"model": "spla.weapon", "pk": 29, "fields": {"name": "ロングブラスター", "main": 11, "sub": 1, "special": 10, "sp_point": 200, "image": "weapon_img/29_ロングブラスター.png"}}, {"model": "spla.weapon", "pk": 30, "fields": {"name": "ロングブラスターカスタム", "main": 11, "sub": 3, "special": 12, "sp_point": 170, "image": "weapon_img/30_ロングブラスターカスタム.png"}}, {"model": "spla.weapon", "pk": 31, "fields": {"name": "ロングブラスターネクロ", "main": 11, "sub": 2, "special": 0, "sp_point": 190, "image": "weapon_img/31_ロングブラスターネクロ.png"}}, {"model": "spla.weapon", "pk": 32, "fields": {"name": "ラピッドブラスター", "main": 12, "sub": 7, "special": 5, "sp_point": 200, "image": "weapon_img/32_ラピッドブラスター.png"}}, {"model": "spla.weapon", "pk": 33, "fields": {"name": "ラピッドブラスターデコ", "main": 12, "sub": 1, "special": 2, "sp_point": 190, "image": "weapon_img/33_ラピッドブラスターデコ.png"}}, {"model": "spla.weapon", "pk": 34, "fields": {"name": "ラピッドブラスターベッチュー", "main": 12, "sub": 6, "special": 11, "sp_point": 200, "image": "weapon_img/34_ラピッドブラスターベッチュー.png"}}, {"model": "spla.weapon", "pk": 35, "fields": {"name": "Rブラスターエリート", "main": 13, "sub": 8, "special": 10, "sp_point": 180, "image": "weapon_img/35_Rブラスターエリート.png"}}, {"model": "spla.weapon", "pk": 36, "fields": {"name": "Rブラスターエリートデコ", "main": 13, "sub": 10, "special": 4, "sp_point": 180, "image": "weapon_img/36_Rブラスターエリートデコ.png"}}, {"model": "spla.weapon", "pk": 37, "fields": {"name": "ノヴァブラスター", "main": 14, "sub": 0, "special": 11, "sp_point": 170, "image": "weapon_img/37_ノヴァブラスター.png"}}, {"model": "spla.weapon", "pk": 38, "fields": {"name": "ノヴァブラスターネオ", "main": 14, "sub": 7, "special": 6, "sp_point": 170, "image": "weapon_img/38_ノヴァブラスターネオ.png"}}, {"model": "spla.weapon", "pk": 39, "fields": {"name": "ノヴァブラスターベッチュー", "main": 14, "sub": 5, "special": 10, "sp_point": 170, "image": "weapon_img/39_ノヴァブラスターベッチュー.png"}}, {"model": "spla.weapon", "pk": 40, "fields": {"name": "クラッシュブラスター", "main": 15, "sub": 0, "special": 1, "sp_point": 180, "image": "weapon_img/40_クラッシュブラスター.png"}}, {"model": "spla.weapon", "pk": 41, "fields": {"name": "クラッシュブラスターネオ", "main": 15, "sub": 3, "special": 0, "sp_point": 180, "image": "weapon_img/41_クラッシュブラスターネオ.png"}}, {"model": "spla.weapon", "pk": 42, "fields": {"name": "L3リールガン", "main": 16, "sub": 3, "special": 11, "sp_point": 220, "image": "weapon_img/42_L3リールガン.png"}}, {"model": "spla.weapon", "pk": 43, "fields": {"name": "L3リールガンD", "main": 16, "sub": 2, "special": 2, "sp_point": 200, "image": "weapon_img/43_L3リールガンD.png"}}, {"model": "spla.weapon", "pk": 44, "fields": {"name": "L3リールガンベッチュー", "main": 16, "sub": 10, "special": 14, "sp_point": 180, "image": "weapon_img/44_L3リールガンベッチュー.png"}}, {"model": "spla.weapon", "pk": 45, "fields": {"name": "H3リールガン", "main": 17, "sub": 9, "special": 0, "sp_point": 170, "image": "weapon_img/45_H3リールガン.png"}}, {"model": "spla.weapon", "pk": 46, "fields": {"name": "H3リールガンD", "main": 17, "sub": 1, "special": 4, "sp_point": 220, "image": "weapon_img/46_H3リールガンD.png"}}, {"model": "spla.weapon", "pk": 47, "fields": {"name": "H3リールガンチェリー", "main": 17, "sub": 10, "special": 12, "sp_point": 180, "image": "weapon_img/47_H3リールガンチェリー.png"}}, {"model": "spla.weapon", "pk": 48, "fields": {"name": "ボトルガイザー", "main": 18, "sub": 10, "special": 1, "sp_point": 180, "image": "weapon_img/48_ボトルガイザー.png"}}, {"model": "spla.weapon", "pk": 49, "fields": {"name": "ボトルガイザーフォイル", "main": 18, "sub": 0, "special": 12, "sp_point": 200, "image": "weapon_img/49_ボトルガイザーフォイル.png"}}, {"model": "spla.weapon", "pk": 50, "fields": {"name": "スプラローラー", "main": 19, "sub": 3, "special": 3, "sp_point": 170, "image": "weapon_img/50_スプラローラー.png"}}, {"model": "spla.weapon", "pk": 51, "fields": {"name": "スプラローラーコラボ", "main": 19, "sub": 11, "special": 11, "sp_point": 170, "image": "weapon_img/51_スプラローラーコラボ.png"}}, {"model": "spla.weapon", "pk": 52, "fields": {"name": "スプラローラーベッチュー", "main": 19, "sub": 0, "special": 12, "sp_point": 180, "image": "weapon_img/52_スプラローラーベッチュー.png"}}, {"model": "spla.weapon", "pk": 53, "fields": {"name": "カーボンローラー", "main": 20, "sub": 4, "special": 10, "sp_point": 160, "image": "weapon_img/53_カーボンローラー.png"}}, {"model": "spla.weapon", "pk": 54, "fields": {"name": "カーボンローラーデコ", "main": 20, "sub": 2, "special": 9, "sp_point": 190, "image": "weapon_img/54_カーボンローラーデコ.png"}}, {"model": "spla.weapon", "pk": 55, "fields": {"name": "ヴァリアブルローラー", "main": 21, "sub": 10, "special": 5, "sp_point": 180, "image": "weapon_img/55_ヴァリアブルローラー.png"}}, {"model": "spla.weapon", "pk": 56, "fields": {"name": "ヴァリアブルローラーフォイル", "main": 21, "sub": 1, "special": 0, "sp_point": 180, "image": "weapon_img/56_ヴァリアブルローラーフォイル.png"}}, {"model": "spla.weapon", "pk": 57, "fields": {"name": "ダイナモローラー", "main": 22, "sub": 7, "special": 1, "sp_point": 180, "image": "weapon_img/57_ダイナモローラー.png"}}, {"model": "spla.weapon", "pk": 58, "fields": {"name": "ダイナモローラーテスラ", "main": 22, "sub": 0, "special": 4, "sp_point": 190, "image": "weapon_img/58_ダイナモローラーテスラ.png"}}, {"model": "spla.weapon", "pk": 59, "fields": {"name": "ダイナモローラーベッチュー", "main": 22, "sub": 12, "special": 13, "sp_point": 180, "image": "weapon_img/59_ダイナモローラーベッチュー.png"}}, {"model": "spla.weapon", "pk": 60, "fields": {"name": "パブロ", "main": 23, "sub": 0, "special": 3, "sp_point": 150, "image": "weapon_img/60_パブロ.png"}}, {"model": "spla.weapon", "pk": 61, "fields": {"name": "パブロ・ヒュー", "main": 23, "sub": 7, "special": 11, "sp_point": 180, "image": "weapon_img/61_パブロヒュー.png"}}, {"model": "spla.weapon", "pk": 62, "fields": {"name": "パーマネント・パブロ", "main": 23, "sub": 12, "special": 4, "sp_point": 180, "image": "weapon_img/62_パーマネントパブロ.png"}}, {"model": "spla.weapon", "pk": 63, "fields": {"name": "ホクサイ", "main": 24, "sub": 4, "special": 2, "sp_point": 170, "image": "weapon_img/63_ホクサイ.png"}}, {"model": "spla.weapon", "pk": 64, "fields": {"name": "ホクサイ・ヒュー", "main": 24, "sub": 11, "special": 0, "sp_point": 170, "image": "weapon_img/64_ホクサイヒュー.png"}}, {"model": "spla.weapon", "pk": 65, "fields": {"name": "ホクサイベッチュー", "main": 24, "sub": 1, "special": 14, "sp_point": 180, "image": "weapon_img/65_ホクサイベッチュー.png"}}, {"model": "spla.weapon", "pk": 66, "fields": {"name": "スプラチャージャー", "main": 25, "sub": 0, "special": 1, "sp_point": 220, "image": "weapon_img/66_スプラチャージャー.png"}}, {"model": "spla.weapon", "pk": 67, "fields": {"name": "スプラチャージャーコラボ", "main": 25, "sub": 10, "special": 6, "sp_point": 220, "image": "weapon_img/67_スプラチャージャーコラボ.png"}}, {"model": "spla.weapon", "pk": 68, "fields": {"name": "スプラチャージャーベッチュー", "main": 25, "sub": 12, "special": 11, "sp_point": 190, "image": "weapon_img/68_スプラチャージャーベッチュー.png"}}, {"model": "spla.weapon", "pk": 69, "fields": {"name": "スプラスコープ", "main": 26, "sub": 0, "special": 1, "sp_point": 220, "image": "weapon_img/69_スプラスコープ.png"}}, {"model": "spla.weapon", "pk": 70, "fields": {"name": "スプラスコープコラボ", "main": 26, "sub": 10, "special": 6, "sp_point": 220, "image": "weapon_img/70_スプラスコープコラボ.png"}}, {"model": "spla.weapon", "pk": 71, "fields": {"name": "スプラスコープベッチュー", "main": 26, "sub": 12, "special": 11, "sp_point": 190, "image": "weapon_img/71_スプラスコープベッチュー.png"}}, {"model": "spla.weapon", "pk": 72, "fields": {"name": "リッター4K", "main": 27, "sub": 7, "special": 10, "sp_point": 190, "image": "weapon_img/72_リッター4K.png"}}, {"model": "spla.weapon", "pk": 73, "fields": {"name": "リッター4Kカスタム", "main": 27, "sub": 11, "special": 12, "sp_point": 170, "image": "weapon_img/73_リッター4Kカスタム.png"}}, {"model": "spla.weapon", "pk": 74, "fields": {"name": "4Kスコープ", "main": 28, "sub": 7, "special": 10, "sp_point": 190, "image": "weapon_img/74_4Kスコープ.png"}}, {"model": "spla.weapon", "pk": 75, "fields": {"name": "4Kスコープカスタム", "main": 28, "sub": 11, "special": 12, "sp_point": 170, "image": "weapon_img/75_4Kスコープカスタム.png"}}, {"model": "spla.weapon", "pk": 76, "fields": {"name": "ソイチューバー", "main": 29, "sub": 1, "special": 3, "sp_point": 160, "image": "weapon_img/76_ソイチューバー.png"}}, {"model": "spla.weapon", "pk": 77, "fields": {"name": "ソイチューバーカスタム", "main": 29, "sub": 3, "special": 2, "sp_point": 170, "image": "weapon_img/77_ソイチューバーカスタム.png"}}, {"model": "spla.weapon", "pk": 78, "fields": {"name": "スクイックリンα", "main": 30, "sub": 9, "special": 4, "sp_point": 170, "image": "weapon_img/78_スクイックリンα.png"}}, {"model": "spla.weapon", "pk": 79, "fields": {"name": "スクイックリンβ", "main": 30, "sub": 4, "special": 11, "sp_point": 180, "image": "weapon_img/79_スクイックリンβ.png"}}, {"model": "spla.weapon", "pk": 80, "fields": {"name": "スクイックリンγ", "main": 30, "sub": 1, "special": 2, "sp_point": 180, "image": "weapon_img/80_スクイックリンγ.png"}}, {"model": "spla.weapon", "pk": 81, "fields": {"name": "14式竹筒銃・甲", "main": 31, "sub": 3, "special": 0, "sp_point": 200, "image": "weapon_img/81_14式竹筒銃甲.png"}}, {"model": "spla.weapon", "pk": 82, "fields": {"name": "14式竹筒銃・乙", "main": 31, "sub": 8, "special": 7, "sp_point": 160, "image": "weapon_img/82_14式竹筒銃乙.png"}}, {"model": "spla.weapon", "pk": 83, "fields": {"name": "14式竹筒銃・丙", "main": 31, "sub": 5, "special": 12, "sp_point": 190, "image": "weapon_img/83_14式竹筒銃丙.png"}}, {"model": "spla.weapon", "pk": 84, "fields": {"name": "バケットスロッシャー", "main": 32, "sub": 1, "special": 0, "sp_point": 190, "image": "weapon_img/84_バケットスロッシャー.png"}}, {"model": "spla.weapon", "pk": 85, "fields": {"name": "バケットスロッシャーデコ", "main": 32, "sub": 12, "special": 11, "sp_point": 210, "image": "weapon_img/85_バケットスロッシャーデコ.png"}}, {"model": "spla.weapon", "pk": 86, "fields": {"name": "バケットスロッシャーソーダ", "main": 32, "sub": 0, "special": 7, "sp_point": 210, "image": "weapon_img/86_バケットスロッシャーソーダ.png"}}, {"model": "spla.weapon", "pk": 87, "fields": {"name": "ヒッセン", "main": 33, "sub": 2, "special": 4, "sp_point": 190, "image": "weapon_img/87_ヒッセン.png"}}, {"model": "spla.weapon", "pk": 88, "fields": {"name": "ヒッセン・ヒュー", "main": 33, "sub": 0, "special": 10, "sp_point": 170, "image": "weapon_img/88_ヒッセンヒュー.png"}}, {"model": "spla.weapon", "pk": 89, "fields": {"name": "スクリュースロッシャー", "main": 34, "sub": 4, "special": 1, "sp_point": 190, "image": "weapon_img/89_スクリュースロッシャー.png"}}, {"model": "spla.weapon", "pk": 90, "fields": {"name": "スクリュースロッシャーネオ", "main": 34, "sub": 9, "special": 5, "sp_point": 180, "image": "weapon_img/90_スクリュースロッシャーネオ.png"}}, {"model": "spla.weapon", "pk": 91, "fields": {"name": "スクリュースロッシャーベッチュー", "main": 34, "sub": 5, "special": 3, "sp_point": 190, "image": "weapon_img/91_スクリュースロッシャーベッチュー.png"}}, {"model": "spla.weapon", "pk": 92, "fields": {"name": "オーバーフロッシャー", "main": 35, "sub": 10, "special": 10, "sp_point": 180, "image": "weapon_img/92_オーバーフロッシャー.png"}}, {"model": "spla.weapon", "pk": 93, "fields": {"name": "オーバーフロッシャーデコ", "main": 35, "sub": 12, "special": 6, "sp_point": 190, "image": "weapon_img/93_オーバーフロッシャーデコ.png"}}, {"model": "spla.weapon", "pk": 94, "fields": {"name": "エクスプロッシャー", "main": 36, "sub": 12, "special": 12, "sp_point": 210, "image": "weapon_img/94_エクスプロッシャー.png"}}, {"model": "spla.weapon", "pk": 95, "fields": {"name": "エクスプロッシャーカスタム", "main": 36, "sub": 9, "special": 11, "sp_point": 220, "image": "weapon_img/95_エクスプロッシャーカスタム.png"}}, {"model": "spla.weapon", "pk": 96, "fields": {"name": "バレルスピナー", "main": 37, "sub": 12, "special": 1, "sp_point": 200, "image": "weapon_img/96_バレルスピナー.png"}}, {"model": "spla.weapon", "pk": 97, "fields": {"name": "バレルスピナーデコ", "main": 37, "sub": 10, "special": 12, "sp_point": 180, "image": "weapon_img/97_バレルスピナーデコ.png"}}, {"model": "spla.weapon", "pk": 98, "fields": {"name": "バレルスピナーリミックス", "main": 37, "sub": 9, "special": 13, "sp_point": 190, "image": "weapon_img/98_バレルスピナーリミックス.png"}}, {"model": "spla.weapon", "pk": 99, "fields": {"name": "スプラスピナー", "main": 38, "sub": 2, "special": 0, "sp_point": 210, "image": "weapon_img/99_スプラスピナー.png"}}, {"model": "spla.weapon", "pk": 100, "fields": {"name": "スプラスピナーコラボ", "main": 38, "sub": 3, "special": 10, "sp_point": 180, "image": "weapon_img/100_スプラスピナーコラボ.png"}}, {"model": "spla.weapon", "pk": 101, "fields": {"name": "スプラスピナーベッチュー", "main": 38, "sub": 8, "special": 14, "sp_point": 180, "image": "weapon_img/101_スプラスピナーベッチュー.png"}}, {"model": "spla.weapon", "pk": 102, "fields": {"name": "ハイドラント", "main": 39, "sub": 4, "special": 3, "sp_point": 170, "image": "weapon_img/102_ハイドラント.png"}}, {"model": "spla.weapon", "pk": 103, "fields": {"name": "ハイドラントカスタム", "main": 39, "sub": 7, "special": 4, "sp_point": 200, "image": "weapon_img/103_ハイドラントカスタム.png"}}, {"model": "spla.weapon", "pk": 104, "fields": {"name": "クーゲルシュライバー", "main": 40, "sub": 8, "special": 2, "sp_point": 200, "image": "weapon_img/104_クーゲルシュライバー.png"}}, {"model": "spla.weapon", "pk": 105, "fields": {"name": "クーゲルシュライバー・ヒュー", "main": 40, "sub": 11, "special": 10, "sp_point": 220, "image": "weapon_img/105_クーゲルシュライバーヒュー.png"}}, {"model": "spla.weapon", "pk": 106, "fields": {"name": "ノーチラス47", "main": 41, "sub": 9, "special": 11, "sp_point": 180, "image": "weapon_img/106_ノーチラス47.png"}}, {"model": "spla.weapon", "pk": 107, "fields": {"name": "ノーチラス79", "main": 41, "sub": 1, "special": 2, "sp_point": 180, "image": "weapon_img/107_ノーチラス79.png"}}, {"model": "spla.weapon", "pk": 108, "fields": {"name": "スプラマニューバー", "main": 42, "sub": 2, "special": 0, "sp_point": 180, "image": "weapon_img/108_スプラマニューバー.png"}}, {"model": "spla.weapon", "pk": 109, "fields": {"name": "スプラマニューバーコラボ", "main": 42, "sub": 3, "special": 2, "sp_point": 200, "image": "weapon_img/109_スプラマニューバーコラボ.png"}}, {"model": "spla.weapon", "pk": 110, "fields": {"name": "スプラマニューバーベッチュー", "main": 42, "sub": 1, "special": 11, "sp_point": 200, "image": "weapon_img/110_スプラマニューバーベッチュー.png"}}, {"model": "spla.weapon", "pk": 111, "fields": {"name": "スパッタリー", "main": 43, "sub": 11, "special": 6, "sp_point": 170, "image": "weapon_img/111_スパッタリー.png"}}, {"model": "spla.weapon", "pk": 112, "fields": {"name": "スパッタリー・ヒュー", "main": 43, "sub": 8, "special": 10, "sp_point": 170, "image": "weapon_img/112_スパッタリーヒュー.png"}}, {"model": "spla.weapon", "pk": 113, "fields": {"name": "スパッタリークリア", "main": 43, "sub": 6, "special": 3, "sp_point": 170, "image": "weapon_img/113_スパッタリークリア.png"}}, {"model": "spla.weapon", "pk": 114, "fields": {"name": "デュアルスイーパー", "main": 44, "sub": 9, "special": 0, "sp_point": 190, "image": "weapon_img/114_デュアルスイーパー.png"}}, {"model": "spla.weapon", "pk": 115, "fields": {"name": "デュアルスイーパーカスタム", "main": 44, "sub": 0, "special": 10, "sp_point": 220, "image": "weapon_img/115_デュアルスイーパーカスタム.png"}}, {"model": "spla.weapon", "pk": 116, "fields": {"name": "ケルビン525", "main": 45, "sub": 7, "special": 2, "sp_point": 180, "image": "weapon_img/116_ケルビン525.png"}}, {"model": "spla.weapon", "pk": 117, "fields": {"name": "ケルビン525デコ", "main": 45, "sub": 10, "special": 11, "sp_point": 180, "image": "weapon_img/117_ケルビン525デコ.png"}}, {"model": "spla.weapon", "pk": 118, "fields": {"name": "ケルビン525ベッチュー", "main": 45, "sub": 5, "special": 4, "sp_point": 180, "image": "weapon_img/118_ケルビン525ベッチュー.png"}}, {"model": "spla.weapon", "pk": 119, "fields": {"name": "クアッドホッパーブラック", "main": 46, "sub": 4, "special": 3, "sp_point": 190, "image": "weapon_img/119_クアッドホッパーブラック.png"}}, {"model": "spla.weapon", "pk": 120, "fields": {"name": "クアッドホッパーホワイト", "main": 46, "sub": 12, "special": 9, "sp_point": 200, "image": "weapon_img/120_クアッドホッパーホワイト.png"}}, {"model": "spla.weapon", "pk": 121, "fields": {"name": "パラシェルター", "main": 47, "sub": 12, "special": 10, "sp_point": 190, "image": "weapon_img/121_パラシェルター.png"}}, {"model": "spla.weapon", "pk": 122, "fields": {"name": "パラシェルターソレーラ", "main": 47, "sub": 4, "special": 5, "sp_point": 200, "image": "weapon_img/122_パラシェルターソレーラ.png"}}, {"model": "spla.weapon", "pk": 123, "fields": {"name": "キャンピングシェルター", "main": 48, "sub": 11, "special": 12, "sp_point": 200, "image": "weapon_img/123_キャンピングシェルター.png"}}, {"model": "spla.weapon", "pk": 124, "fields": {"name": "キャンピングシェルターソレーラ", "main": 48, "sub": 10, "special": 8, "sp_point": 170, "image": "weapon_img/124_キャンピングシェルターソレーラ.png"}}, {"model": "spla.weapon", "pk": 125, "fields": {"name": "キャンピングシェルターカーモ", "main": 48, "sub": 7, "special": 14, "sp_point": 210, "image": "weapon_img/125_キャンピングシェルターカーモ.png"}}, {"model": "spla.weapon", "pk": 126, "fields": {"name": "スパイガジェット", "main": 49, "sub": 7, "special": 3, "sp_point": 150, "image": "weapon_img/126_スパイガジェット.png"}}, {"model": "spla.weapon", "pk": 127, "fields": {"name": "スパイガジェットソレーラ", "main": 49, "sub": 0, "special": 11, "sp_point": 180, "image": "weapon_img/127_スパイガジェットソレーラ.png"}}, {"model": "spla.weapon", "pk": 128, "fields": {"name": "スパイガジェットベッチュー", "main": 49, "sub": 6, "special": 4, "sp_point": 190, "image": "weapon_img/128_スパイガジェットベッチュー.png"}}, {"model": "blog.category", "pk": 1, "fields": {"name": "日記"}}, {"model": "blog.category", "pk": 2, "fields": {"name": "django"}}, {"model": "blog.category", "pk": 3, "fields": {"name": "統計メモ"}}, {"model": "blog.category", "pk": 4, "fields": {"name": "web系知識メモ"}}, {"model": "blog.category", "pk": 5, "fields": {"name": "atcoder備忘録"}}, {"model": "blog.category", "pk": 6, "fields": {"name": "golang"}}, {"model": "blog.category", "pk": 8, "fields": {"name": "linux"}}, {"model": "blog.category", "pk": 9, "fields": {"name": "react"}}, {"model": "blog.category", "pk": 10, "fields": {"name": "supabase"}}, {"model": "blog.diary", "pk": 3, "fields": {"title": "View間でデータを受け渡す方法", "subtitle": "djangoのview間でデータを受け渡す方法をまとめました。", "text": "# Djangoでview間でデータを受け渡す方法\r\n## 発生した事案\r\n現在スプラトゥーンのブキのサブ、スペシャルを当てるクイズアプリを作成している。\r\nその中で、ブキのオブジェクトをランダムに取得し、そのidをrender先に渡したいという状況が発生した。\r\n## 課題\r\n`get_context_data`メソッド内でDBからランダムに`weapon`オブジェクトを取得し、そのidをレンダリング先に渡したい。\r\nDjangoでtemplateにデータを受け渡す方法として、メソッド`get_context_data`を定義する方法がある。しかし、view間でデータを受け渡す方法は見つからなかった。\r\n## 解決方法\r\n### get_context_data内でsessionに変数を加える\r\n具体的に説明する。\r\n`models.py`\r\n```\r\nclass SubWeapon(models.Model):\r\n    id = models.IntegerField(primary_key=True)\r\n    name = models.CharField('名前', max_length=64)\r\n\r\nclass Special(models.Model):\r\n    id = models.IntegerField(primary_key=True)\r\n    name = models.CharField('名前', max_length=64)\r\n\r\nclass Weapon(models.Model):\r\n    id = models.IntegerField(primary_key=True)\r\n    name = models.CharField('ブキ名', max_length=64)\r\n    sub = models.ForeignKey(\r\n        SubWeapon, on_delete=models.PROTECT, related_name='weapon')\r\n    special = models.ForeignKey(\r\n        Special, on_delete=models.PROTECT, related_name='weapon')\r\n```\r\n`views.py`\r\n```\r\nclass SubSpQuizView(generic.FormView):\r\n    template_name = 'spla/subsp_quiz.html'\r\n    model = Weapon\r\n    form_class = SubSpQuizForm\r\n    success_url = reverse_lazy('spla:subsp_quiz_result')\r\n\r\n    def get_context_data(self, **kwargs):\r\n        context = super().get_context_data(**kwargs)\r\n        context[\"weapon\"] = random.choice(Weapon.objects.all())\r\n        # 答えとなるサブ、スペシャルのidをsessionに渡す\r\n        self.request.session[\"weapon\"] = context[\"weapon\"].id\r\n        self.request.session[\"sub\"] = context[\"weapon\"].sub.id\r\n        self.request.session[\"sp\"] = context[\"weapon\"].special.id\r\n        return context\r\n\r\n    def form_valid(self, form):\r\n        # 正解と解答をcontextに格納\r\n        context = {\r\n            'weapon': Weapon.objects.get(id=self.request.session[\"weapon\"]),\r\n            'sub_correct': SubWeapon.objects.get(id=self.request.session[\"sub\"]),\r\n            'sp_correct': Special.objects.get(id=self.request.session[\"sp\"]),\r\n            'sub_ans': SubWeapon.objects.get(id=form.data[\"sub_choices\"]),\r\n            'sp_ans': Special.objects.get(id=form.data[\"sp_choices\"]),\r\n        }\r\n        if context['sub_correct'] == context['sub_ans'] and context['sp_correct'] == context['sp_ans']:\r\n            context['judge'] = True\r\n        else:\r\n            context['judge'] = False\r\n        return render(self.request, 'spla/subsp_quiz_result.html', context)\r\n```\r\nmodelとviewは以上の通り。`get_context_data`メソッド内で`self.request.session`に値を渡し、`form_valid`メソッド内で値を`context`に含めてrender先に渡している。\r\nベストプラクティスではない気がするが、参考までに。", "category": 2, "created_at": "2022-05-08T13:44:01Z"}}, {"model": "blog.diary", "pk": 4, "fields": {"title": "級内相関係数とは？", "subtitle": "研究評価の指標である級内相関係数についてまとめます。", "text": "# 級内相関係数とは\r\n\r\n論文を読んでいる中で級内相関係数、ICC(1,1)というようなワードを見かけ、？？？となったので[こちらのリンク](https://best-biostatistics.com/correlation_regression/icc.html \"こちらのリンク\")を参考にまとめていく。\r\n\r\n## 信頼性について\r\nリンク先の情報をまとめると以下のことが書いてあった。\r\n\r\n> ICCと密接な関係があるものに信頼性というものがあり、これらは大きく二つに分けられます。\r\n\r\n> - 検者内信頼性：同じ人が何回検査をしても同じ値が出る\r\n> - 検者間信頼性：誰が検査をしても同じ値が出る\r\n\r\n> そして、ICCはその検査の信頼性の高さを示す指標であり、次の3種類が用いられる。\r\n\r\n> - ICC(1,~)：検者内信頼性\r\n> - ICC(2,~)：検者間信頼性\r\n> - ICC(3,~)：相対一致検者間信頼性(あまり使われないらしい)\r\n\r\n\r\nこれではなぜICC(3,~)が存在するのかわからなかったため、検索すると[次のリンク](https://www.jspt.or.jp/ebpt_glossary/icc.html \"次のリンク\")が見つかった。\r\n\r\n> ICCにはCase1，Case2，Case3の3種類があります．Case1は検者内信頼性を表す，ICC（1，1）やICC（1，k）というものです．Case2は検者間信頼性を表す，ICC（2，1）やICC（2，k）というものです．Case3は検者間信頼性を表す，ICC（3，1）やICC（3，k）というものです．Case2とCase3の違いは，Case2は絶対一致を調べるもので，Case3は相対一致を調べるものです．\r\n> (略)\r\n> 検者B，Cよりも，検者Aの測定基準が異なるために，ほぼ0.5秒遅めに記録してしまうことがわかっているとき，もしくは，検者Aが0.5秒遅く測ってしまうストップウォッチを使用したなどのとき，検者A，B，Cが絶対一致することはなく，検者Aから0.5秒引いたときに一致すれば良いと仮定したときは，検者間信頼性としてICC（3，1）を使用します．つまり，ICC（2，1）は，検者A＝検者B=検者Cを仮定しており，ICC（3，1）は検者A+0.5秒＝検者B=検者Cとか，検者A＝検者B+10秒=検者Cとか，検者A+0.5秒＝検者B=検者C－1秒を仮定していることになります．\r\n\r\n要するに機器や検者に関する何らかの理由で確定的に誤差が出ることがわかっており、その誤差もわかっているときに使われるようだ。\r\nまた、検者というのは「計測する人物」という意味らしい（被験者の方だと思っていた...）\r\n\r\n## ICC(1,~)の~について\r\nこれについても[先ほどのリンク](https://www.jspt.or.jp/ebpt_glossary/icc.html \"先ほどのリンク\")にまとまっていた。\r\n\r\n> ICC（1，1），ICC（2，1），ICC（3，1）は，検者内・検者間信頼性が，どれくらいあるのかを知るために使用します．ICC（1，k），ICC（2，k），ICC（3，k）は，複数回測定した平均値を使用したときの検者内・検者間信頼性を求めるときに使用します．別な例として，検者A，B，Cの3名で，患者5名の歩行速度を測定したとします．検者3人の一貫性（検者間信頼性）はどれくらいかを，ICC（2，1）で求めます．\r\n\r\n要するに~に関しては何回計測したかという情報ではなく、~回計測した平均値のデータを用いた場合の信頼性を計算しているという表明だといえるだろう。\r\n\r\n## 数式表現について\r\n\r\n詳しくは[こちら](https://personal.hs.hirosaki-u.ac.jp/pteiki/research/stat/icc.pdf \"こちら\")にまとまっている。（後日まとめる予定）\r\n\r\n## さいごに\r\n\r\n級内相関係数、ICCについてまとめる。\r\n\r\n- ICC(1,~)：検者内信頼性：同じ人が何回検査をしても同じ値が出る\r\n- ICC(2,~),ICC(3,~)：検者間信頼性：誰が検査をしても同じ値が出る\r\n- ICC(2,~)とICC(3,~)の違いは検者のくせを考慮している(ICC(3,~))かしていない(ICC(2,~))か\r\n- ~が1であれば計測データをそのまま用いており, 2以上であれば~個の計測データの平均値を用いている", "category": 3, "created_at": "2022-05-14T04:48:44Z"}}, {"model": "blog.diary", "pk": 5, "fields": {"title": "パース(Parse)とは？", "subtitle": "パース(Parse)という用語についてのメモです。", "text": "# Parseとは？\r\n\r\nよく解説記事などで「HTMLをParseして...」や「HTMLパーサー」などの用語を目にしますが、よくわからなかったので[こちらの記事](https://atmarkit.itmedia.co.jp/ait/articles/0804/14/news107_3.html \"こちらの記事\")をもとにまとめます。\r\n\r\n## Parserについて\r\nParseとは「文法・構文を解剖する」という意味の単語であるため、Parserは「文法・構文を解剖するモノ、人」となります。\r\nパーサーはHTMLだけを対象とするものではなく、Javascript、XMLに対しても利用することがあるようです。\r\n\r\n## HTMLパーサーについて\r\nということはHTMLパーサーは「HTMLを文法的、構文的に解剖するモノ」となります。ここでHTMLデータが画面に描画されるまでを以下に示します。\r\n![](/media/editor/aaa_20220525180550618254.png)\r\nざっくりいうと、「入手したデータをHTMLの文法に基づいて要素などに分割し、そのデータを整理して、画面に描画しているようです。」\r\n詳細なことは後日まとめようと思いますが、[こちらの記事](https://qiita.com/mikimhk/items/7cfbd6c94d0f3d7aa51f \"こちらの記事\")にある通りです。\r\n## まとめ\r\n- parseは「文法・構文を解析する」という意味の単語\r\n- HTMLパーサーは「HTMLデータをレンダリングするために分析し、要素に区分けしている」", "category": 4, "created_at": "2022-05-25T08:48:43Z"}}, {"model": "blog.diary", "pk": 6, "fields": {"title": "自分について", "subtitle": "せっかくサイト作ったし、自分語りもしないとね？", "text": "# 自分について\r\nはじめまして！おーしまです。\r\nこういうのっていざ書いてみると何書けばいいか分かりませんね...\r\nせっかくなので簡単な経歴を書いてみようと思います。\r\n\r\n## 経歴\r\n- 1999年12月14日、川崎市に生まれる。\r\n- 2012年4月、小学校卒業。何かの間違いで軟式のクラブチームに入ってしまい、精神を病む。\r\n- 2012～2015年、アニメにはまる。艦これを始める。関東規模の大会で準優勝し、アメリカのセントルイスに遠征に行く。\r\n- 2015年3月、(名前は伏せる)中学校卒業。クラブチームからも解放される。\r\n- 2018年3月、本郷高校卒業。\r\n- 2021年7月、とある事情で東工大の大学院を受験し、合格。\r\n- 2022年3月、慶応義塾大学理工学部システムデザイン工学科卒業。\r\n- 2024年3月、東京工業大学院システム制御系エンジニアリングデザインコース卒業予定。\r\n\r\nこのように書き出してみるといろいろあったなあ...と思いますね。\r\nいつか細かい部分も書き加えていこうと思います。\r\n\r\n## まとめ\r\nアフィリエイトみたいなまとめにはなりますが、いかがだったでしょうか。\r\n現在、研究・就活・大学の講義の三重苦で死にそうになっていますが、今後もこう言った何か記録のようなものを残していきたいと思っていますので、応援（？）よろしくお願いいたします。", "category": 1, "created_at": "2022-06-03T09:49:16Z"}}, {"model": "blog.diary", "pk": 7, "fields": {"title": "ABC253のC問題について", "subtitle": "heapqってなんだよって思って調べた話です。", "text": "# heapqって？？？\r\n最近少しatcoderにはまっていまして、書きなれたpythonで参加しています。\r\nしかし、先日のABCで全くLTEが解消できない問題に出くわしてしまいました。そこでコンテスト後にtwitterで「ABC253 C問題」で検索をかけていると有識者らしき人たちがみなheapq, heapqと唱えているじゃありませんか。\r\nそこで今回はheapqについて調べたものをまとめてみたいと思います。\r\n\r\n## heapqとは\r\n[このサイト](https://qiita.com/ell/items/fe52a9eb9499b7060ed6 \"このサイト\")によるとheapqとはpythonで用意された「優先度付きキュー（？）」の標準ライブラリらしいです。\r\nまず、「優先度付きキュー」から。上記のサイトによると\r\n> 優先度付きキュー (Priority queue) はデータ型の一つで、具体的には\r\n\r\n> - 最小値(最大値)をO(log N)で取り出す\r\n> - 要素をO(log N)で挿入する\r\n\r\n> ことができます。\r\n\r\nらしいです。要するに「最小値を取り出す」「要素を挿入する」という操作が通常のリストに比べて早くできるということみたいですね。(通常のリストはO(N))\r\n\r\n## 今回の問題（ABC253 C問題）\r\n### 問題文\r\n今回の問題は以下の通りです。\r\n> 整数の多重集合 S があります。はじめ S は空です。\r\n> Q 個のクエリが与えられるので順に処理してください。 クエリは次の 3 種類のいずれかです。\r\n\r\n> - `1 x`：Sにxを1個追加する\r\n> - `2 x c`：Sからxをmin(c, (Sに含まれるxの個数))個削除する\r\n> - `3`：(Sの最大値)-(Sの最小値)を出力する。このクエリを処理するとき、Sが空でないことが保証される\r\n\r\n制約については[元のサイト](https://atcoder.jp/contests/abc253/tasks/abc253_c \"元のサイト\")を参照してみてください。\r\n\r\n### 解答を眺める\r\n```\r\nimport heapq\r\nfrom collections import defaultdict\r\n\r\nmx=[]\r\nmn=[]\r\ncnt=defaultdict(int)\r\n\r\nq=int(input())\r\nfor _ in range(q):\r\n  query=list(map(int,input().split()))\r\n  if query[0]==1:\r\n    x=query[1]\r\n    cnt[x]+=1\r\n    heapq.heappush(mx,-x)\r\n    heapq.heappush(mn,x)\r\n\r\n  if query[0]==2:\r\n    x,c=query[1:]\r\n    cnt[x]=max(0,cnt[x]-c)\r\n\r\n  if query[0]==3:\r\n    while cnt[-mx[0]]==0:\r\n      heapq.heappop(mx)\r\n    while cnt[mn[0]]==0:\r\n      heapq.heappop(mn)\r\n    print(-mx[0]-mn[0])\r\n\t\r\n```\r\nheapqならではのメソッドが出てきたのでこれらについて確認します。\r\n\r\n- `.heappush(heapq_obj,x)`：heapq_objにxを挿入します。\r\n- `.heapqpop(heapq_obj)`：heapq_objから最小値を取り出します。\r\n- `.heapify(list)`：リストを優先度付きキューへ変換します。\r\n\r\nここで注意が必要なのが優先度付きキューとなってもデータ型はpythonデフォルトのリストというところです。\r\n優先度付きキューの原理については後日追記したいと思います。\r\n\r\n### heapqpopのテスト結果\r\n\r\n```\r\nimport heapq\r\n\r\na = [3, 5, 1, 2, 0]\r\nheapq.heapify(a)\r\nfor i in range(5):\r\n    print(f\"pop:{heapq.heappop(a)}\")\r\n    print(a)\r\n\t\r\n# pop: 0\r\n# [1, 2, 5, 3]\r\n# pop: 1\r\n# [2, 3, 5]\r\n# pop: 2\r\n# [3, 5]\r\n# pop: 3\r\n# [5]\r\n# pop: 5\r\n# []\r\n```\r\n確かに最小値をうまく出力できている（なんで...？）", "category": 5, "created_at": "2022-06-03T16:16:53Z"}}, {"model": "blog.diary", "pk": 8, "fields": {"title": "csrf_tokenとは？", "subtitle": "Djangoのformで出てくるあのcsrf_tokenです。", "text": "# csrf_tokenとは\r\nDjangoのformの記事を見ていると次のような記述をよく見ます。\r\n\r\n`<form method=\"post\">{% csrf_token %}`\r\n\r\n前半部分はいわゆるフォームタグですが、その後ろのやつは何？となったのでまとめようと思います。\r\n\r\n## csrfとは\r\n[CyberSecurityTIMES](https://www.shadan-kun.com/blog/measure/2640/ \"CyberSecurityTIMES\")様と[Trend Micro](https://www.trendmicro.com/ja_jp/security-intelligence/research-reports/threat-solution/csrf.html#:~:text=%E3%82%AF%E3%83%AD%E3%82%B9%E3%82%B5%E3%82%A4%E3%83%88%E3%83%AA%E3%82%AF%E3%82%A8%E3%82%B9%E3%83%88%E3%83%95%E3%82%A9%E3%83%BC%E3%82%B8%E3%82%A7%E3%83%AA%EF%BC%88CSRF%EF%BC%89%E3%81%A8%E3%81%AF%E3%80%81Web,%E5%87%A6%E7%90%86%E3%81%97%E3%81%A6%E3%81%97%E3%81%BE%E3%81%84%E3%81%BE%E3%81%99%E3%80%82 \"Trend Micro\")様を参考にまとめます。\r\ncsrf(クロスサイト・リクエスト・フォージェリ)は上のサイトでは次のように説明されています。\r\n> クロスサイトリクエストフォージェリ（CSRF）とは、Webアプリケーションに存在する脆弱性、もしくはその脆弱性を利用した攻撃方法のことです。掲示板や問い合わせフォームなどを処理するWebアプリケーションが、本来拒否すべき他サイトからのリクエストを受信し処理してしまいます。\r\n> ### 攻撃の手法・特徴\r\n> - 攻撃者は攻撃用Webページを準備し、ユーザがアクセスするよう誘導します\r\n> - ユーザが攻撃用Webページにアクセスすると、攻撃用Webページ内にあらかじめ用意されていた不正なリクエストが攻撃対象サーバに送られます\r\n> - 攻撃対象サーバ上のWebアプリケーションは不正なリクエストを処理し、ユーザが意図していない処理が行われてしまいます\r\n\r\nまた、より具体的な被害も次のように紹介されています。\r\n\r\n> ### 影響と被害\r\n> 攻撃者は自身が直接攻撃対象サーバへアクセスすることなく、攻撃対象のWebアプリケーションに任意の処理を行わせることができます。CSRFを利用して行われる主な攻撃としては、以下があります：\r\n>\r\n> - いたずら的書き込み、不正サイトへの誘導、犯罪予告といった掲示板やアンケートフォームへの不正な書き込み\r\n> - 不正な書き込みを大量に行うことによるDoS攻撃\r\n\r\n自身が被害者になるだけでなく、加害者になってしまう可能性があるのも怖いですね...\r\n\r\n## {% csrf_token %}について\r\n[Djangoの学習ができるチュートリアルサイトDjangoBrothers](https://djangobrothers.com/blogs/django_csrf/ \"Djangoの学習ができるチュートリアルサイトDjangoBrothers\")様の記事がわかりやすかったのでこちらを参考に紹介します。\r\n\r\nDjangoにはデフォルトでcsrfの検証を行ってくれるアプリが存在し、それが`'django.middleware.csrf.CsrfViewMiddleware'`です。\r\n使い方は非常にシンプルで`<form method=\"post\">{% csrf_token %}`のようにフォームタグの後ろにDjangoテンプレートタグのcsrfタグをくっつけてあげることで使用できます。\r\nこれにより次のようなフォームタグが生成されます。\r\n\r\n```html\r\n<input type=\"hidden\" name=\"csrfmiddlewaretoken\" value=\"JjAP5uW656Xn9WMLZ3chqT1haPekrHDQil0KOgNpR0WVojLhN4T4Q9N3B2te6CqW\">\r\n```\r\n\r\ntypeがhiddenなので画面には表示されません。\r\nvalueに格納されているのがサーバーで発行されたトークンであり、これがフォームが送信されるタイミングで一緒に送信され、サーバー側はこのトークンが正しいものか検証することで正常なリクエストかを判断して処理を実行します。\r\n\r\n## 注意点\r\n注意点は以下の二つです。\r\n\r\n- {% csrf_token %}の付け忘れ\r\n- 外部リンクへのpostの際に付けてしまうこと\r\n\r\n一つ目から説明します。\r\n\r\n前述した通り、postは{% csrf_token %}が正しいかによってリクエストの正常さを評価します。したがって、これをつけ忘れてしまった場合、正常なリクエストと認識されず、403エラーが返ってきてしまいます。\r\n\r\nなお、こちらを無効化する方法も[Djangoの学習ができるチュートリアルサイトDjangoBrothers](https://djangobrothers.com/blogs/django_csrf/ \"Djangoの学習ができるチュートリアルサイトDjangoBrothers\")に記載がありますので気になる方はご確認ください。\r\n\r\n二つ目を説明します。\r\n\r\n外部へのリンクにpostする際にこちらを付けてしまうと外部に対してtokenが渡されてしまうため、セキュリティ上の問題になります。したがって、外部へpostする際は外しましょう。", "category": 2, "created_at": "2022-06-14T07:07:15Z"}}, {"model": "blog.diary", "pk": 9, "fields": {"title": "systemctlとは？", "subtitle": "gunicornとかnginxとか起動するときに出てくるsystemctlってなんなんですかねって話です。", "text": "# systemctlとは？\r\nDjango+gunicorn+nginxで開発を行うと、コードを変更するたびに`sudo systemctl restart gunicorn`ってコマンドを使いますよね。\r\nrestartって言ってるくらいだから再起動してるんですけど、じゃあsystemctlってなんなん？っていうことを調べてみます。\r\n\r\n## 参考リンク\r\n[【Linux】systemdとsystemctlコマンド：サービスの自動起動](https://office54.net/iot/linux/linux-systemd-systemctl \"【Linux】systemdとsystemctlコマンド：サービスの自動起動\")に詳しく書いてありそうなのでこちらを参考にして見ていきます。\r\n\r\n上のリンクによると次のように説明されています。\r\n> UbuntuやCentOSなど多くのLinuxディストリビューションでは、systemdでサービスやデーモンを管理し、systemctlコマンドでsystemdをコントロールします。\r\n\r\n全く分かりません。詳しく見ていきましょう。\r\n\r\n## systemd\r\n### systemdとは\r\n> systemdはカーネルによって最初に起動されるプログラムです。一番最初に起動するのでプロセスIDは１です。\r\n> サービスやデーモンの起動などを管理するプログラムであり、すべてのデーモンを管理するデーモンとも言えます。いわばデーモンの親であり、その他のデーモンは子です。\r\n\r\n分からない単語が出てきました。\r\n\r\n- カーネル：OSの中核を担うソフトウェア\r\n- プロセスID：OSが現在実行中のプロセスを識別するために割り当てる一意な識別子。\r\n- デーモン：メモリ上に常駐し、処理要求を待ち続けるバックグラウンドで動くプログラム。OS起動時に起動し、実行状態となる。処理要求がきたら自分のコピーを作り処理を行う。主にWebサーバーや、FTP、SSHなどはデーモンで動作している。\r\n\r\nつまり、OSの中心となっている部分が一番最初に起動されるのがsystemdで、Webサーバーなどの起動を管理するプログラムであるデーモンの親プログラムがsystemdだということみたいですね。\r\n\r\n### 処理単位：unit\r\n> systemdはunitという単位でサービス（処理）を管理しています。\r\n> unitには設定ファイルと呼ばれるファイルで定義されており、接尾辞が「service」や「target」のファイルです。\r\n\r\n接尾辞serviceはgunicornの設定ファイル等で見たことありますね。\r\nunit設定ファイルは以下2か所に存在し、一つ目が初期の保存場所、二つ目が上書きした設定ファイルを置く場所みたいですね。\r\n\r\n> 1. /usr/lib/systemd/system/\r\n> 2. /etc/systemd/system/\r\n\r\nこのような構成にすることで基本的には1番のデフォルトの設定ファイルを参照し、ユーザーが変更したい部分のみ2番に記述することでカスタマイズすることができるようになっています。\r\n\r\n### systemdのログ\r\n> systemdによって起動したサービスやデーモンのログは以下ディレクトリにバイナリ方式で\r\n> /var/log/journal\r\n> 各サービスのログを確認するにはjournalctlコマンドを使用します。\r\n> $sudo journalctl -f -u [サービス名]\r\n> サービスの軌道などで不具合があれば、上記コマンドでエラー内容が表示されます。\r\n\r\n## systemctl\r\nようやくsystemctlの話です。systemctlは次のように説明されています。\r\n> systemctlコマンドはCentOSやRedhat7系から利用できる、「systemd」をコントロールするコマンドです。\r\n> systemctlでサービスの起動・停止や自動起動の設定、サービス状態の確認などができます。\r\n\r\nとなるとserviceコマンドとの差別化点がどこかが気になりますが、次のように記述されています。\r\n> serviceコマンドはinitを呼び出しますが、systemctlコマンドはバイナリコマンドです。\r\ninitの代替機能であり、高度なシステム管理機能を提供します。\r\n> Linuxでのサービスとはアプリケーションを指します。Webサーバーやファイアウォールといった各アプリケーションもすべてサービスです。\r\n> **つまりアプリケーションの動作をコントロールするコマンドがsystemctlです。**\r\n\r\nようやくつながってきました。\r\n\r\n要するにsystemctlはそのサーバーのアプリケーションの起動状態を操作、管理できるコマンドということですね！\r\n\r\n## まとめ\r\n- systemdはカーネルによって最初に起動されるプログラムで、サービスやデーモンの起動などを管理するプログラムです。\r\n- systemctlコマンドは「systemd」をコントロールするコマンドで、サービスの起動・停止や自動起動の設定、サービス状態の確認などができます。\r\n\r\n以上。詳しい操作等は[このサイト](https://office54.net/iot/linux/linux-systemd-systemctl \"このサイト\")に記述がありますので、確認してみてください！", "category": 4, "created_at": "2022-06-16T10:05:57Z"}}, {"model": "blog.diary", "pk": 10, "fields": {"title": "goの出力の話", "subtitle": "goのfmt.Print(), fmt.Println(), fmt.Printf()の違いやら使い方のメモ", "text": "# golangの出力\r\n最近インターンの影響でgolangなるものを勉強し始めて、今まで静的型付け言語に触れてこず、適当にコードを書いてきたツケを払わされています。\r\n\r\nそんなことはさておき、pythonなら出力と言えばprint(), jsならconsole.log()が基本的に使われていて気にすることもなかったのですが、[A Tour of Go](https://go-tour-jp.appspot.com/list \"A Tour of Go\")をやっているといくつか出力の方法があることに気づきます。\r\nそのあたりの違いをまとめていきたいと思います。\r\n\r\nちなみに参考にするリンクは[Go言語のPrint・Println・Printfについて | エンジニアへの道](https://www.flyenginer.com/low/go/go%E8%A8%80%E8%AA%9E%E3%81%AEprint%E3%83%BBprintln%E3%83%BBprintf%E3%81%AB%E3%81%A4%E3%81%84%E3%81%A6.html \"Go言語のPrint・Println・Printfについて | エンジニアへの道\")と[Go で値を出力する方法](https://golang.keicode.com/basics/go-print-basics.php \"Go で値を出力する方法\")です。\r\nこれらを読む方が百倍速く理解できると思います。\r\n\r\n## fmt.Print()\r\n`fmt.Print()`はオペランドをデフォルトのフォーマットで標準出力への書き込みを行います。\r\n\r\nちなみにオペランドとは「数式を構成する要素のうち、演算の対象となる値や変数、定数」のことみたいです。\r\n\r\n実際に出力すると以下のようにオペランド、つまり`\"Hello\"`と`\"World!\"`, `\"Hello\"`と`\"golang!\"`Pがそのまま出力されていますね。このように改行も半角スペースも入らない出力が得られるのが`fmt.Print()`の特徴みたいですね\r\n```\r\npackage main\r\n\r\nimport \"fmt\"\r\nfunc main() {\r\n\tfmt.Print(\"Hello\", \"World!\")\r\n\tfmt.Print(\"Hello\", \"golang!\")\r\n}\r\n// HelloWorld!Hellogolang!\r\n```\r\n\r\n## fmt.Println()\r\n`fmt.Println()`はオペランドをデフォルトのフォーマットで標準出力に書き込みますが、この際にオペランドの間に半角スペースが入り、文字列の最後に開業が追加されます。\r\n\r\n```\r\npackage main\r\n\r\nimport \"fmt\"\r\nfunc main() {\r\n\tfmt.Println(\"Hello\", \"World!\")\r\n\tfmt.Println(\"Hello\", \"golang!\")\r\n}\r\n// Hello World!\r\n// Hello golang!\r\n```\r\n\r\nこれは体感としてpythonのprint()に近いですね\r\n\r\n## fmt.Printf()\r\n`fmt.Printf()`では指定されたフォーマットに従い、フォーマットを行い、標準出力に書き込みます。\r\nフォーマットは`%d`のようなverbと呼ばれる形式で指定することになります。\r\n変数`val`を10進数表記で出力したい場合は`fmt.Printf(\"%d\", val)`のように指定します。\r\nverbは様々用意されており、このような出力が可能です。\r\n```\r\npackage main\r\n\r\nimport \"fmt\"\r\n\r\nfunc main() {\r\n\tval := 123\r\n\tfmt.Printf(\"%d\\n\", val)   // 10進数\r\n\tfmt.Printf(\"%+d\\n\", val)  // 10進数・正の整数でも符号を付与\r\n\tfmt.Printf(\"%6d\\n\", val)  // 10進数・指定した桁数だけ左スペース埋め\r\n\tfmt.Printf(\"%-6d\\n\", val) // 10進数・指定した桁数だけ右スペース埋め\r\n\tfmt.Printf(\"%06d\\n\", val) // 10進数・指定した桁数だけ左0埋め\r\n\tfmt.Printf(\"%b\\n\", val)   // 2進数\r\n\tfmt.Printf(\"%o\\n\", val)   // 8進数\r\n\tfmt.Printf(\"%#o\\n\", val)  // 0つき8進数\r\n\tfmt.Printf(\"%x\\n\", val)   // 16進数(a-fは小文字)\r\n\tfmt.Printf(\"%#x\\n\", val)  // 0xつき16進数(a-fは小文字)\r\n\tfmt.Printf(\"%X\\n\", val)   // 16進数(A-Fは大文字)\r\n\tfmt.Printf(\"%#X\\n\", val)  // 0Xつき16進数(A-Fは大文字)\r\n\tfmt.Printf(\"%U\\n\", val)   // Unicodeコードポイントに対応する文字\r\n// 123\r\n// +123\r\n//    123\r\n// 123   \r\n// 000123\r\n// 1111011\r\n// 173\r\n// 0173\r\n// 7b\r\n// 0x7b\r\n// 7B\r\n// 0X7B\r\n// U+007B\r\n}\r\n```\r\nverbについては別の記事で後日まとめようと思います。\r\n## まとめ\r\n- `fmt.Print()`：半角スペース、改行なしのデフォルトのフォーマットで標準出力\r\n- `fmt.Println()`：半角スペース、改行ありのデフォルトのフォーマットで標準出力\r\n- `fmt.Printf()`：verbによってフォーマットを指定し、出力（半角スペース、改行なし）", "category": 6, "created_at": "2022-06-24T08:16:19Z"}}, {"model": "blog.diary", "pk": 11, "fields": {"title": "悩まされたポインタの話", "subtitle": "goを理解する際に不可欠なポインタという概念についてまとめます。", "text": "# ポインタとは\r\n[ポインタとは - 意味をわかりやすく - IT用語辞典 e-Words](https://e-words.jp/w/%E3%83%9D%E3%82%A4%E3%83%B3%E3%82%BF.html \"ポインタとは - 意味をわかりやすく - IT用語辞典 e-Words\")では次のように説明されています。\r\n> ポインタとは、何かの位置を指し示すための仕組みや道具などのこと。プログラミングでは、変数や関数などが置かれたメインメモリ上の番地などを格納する特殊な変数のことをポインタという。\r\n\r\nとのこと。pythonを使う上で使ったことがなかったのでgoのチュートリアルでは頭を悩まされることになりました。\r\n\r\n## goにおけるポインタ\r\ngoではポインタを扱うことができます。\r\nそして、ポインタを使うことでポインタの指す変数を直接変更することができます。\r\n```\r\npackage main\r\n\r\nimport \"fmt\"\r\n\r\nfunc main() {\r\n\ti := 5\r\n\tp := &i         //変数pに変数iのポインタを渡している\r\n\tfmt.Println(i)  // 5\r\n\tfmt.Println(p)  // 0xc000018030\r\n\tfmt.Println(*p) // 5\r\n\r\n\t*p = 10        //ポインタを操作\r\n\tfmt.Println(i) // 10\r\n}\r\n```\r\nこれの何がうれしいかを説明するにはgoについての仕様を知る必要があります。\r\ngoにはクラスという概念が存在せず、メソッドという概念のみが存在します。\r\nこのため、構造体のフィールドを直接操作できるポインタを使う必要があるというわけです。\r\n\r\n## メソッドとポインタレシーバ\r\ngoでは特定の型に対してメソッドを定義することができます。\r\nそして、メソッドはレシーバ引数という特別な引数を取ります。\r\n以下の例ではAbsメソッドはvという名前のVertex型のレシーバを持ちます。\r\n```\r\npackage main\r\n\r\nimport (\r\n\t\"fmt\"\r\n\t\"math\"\r\n)\r\n\r\ntype Vertex struct {\r\n\tX, Y float64\r\n}\r\n\r\nfunc (v Vertex) Abs() float64 { // メソッドの宣言\r\n\treturn math.Sqrt(v.X*v.X + v.Y*v.Y)\r\n}\r\n\r\nfunc main() {\r\n\tv := Vertex{3, 4}\r\n\tfmt.Println(v.Abs()) // 5\r\n}\r\n```\r\nそして、goではこのレシーバにポインタ型変数（構造体）を受け取ることができます。\r\nこのときのレシーバをポインタレシーバと言います。（そうでないものは変数レシーバと呼ぶ）\r\n最大の違いは変数レシーバは値渡し（つまりコピー）でポインタレシーバは参照渡しということです。\r\nこれにより、ポインタレシーバを採用した際にのみ、メソッドからレシーバの値を直接変更することができます。\r\n```\r\npackage main\r\n\r\nimport \"fmt\"\r\n\r\ntype Time struct {\r\n\ttime string\r\n}\r\n\r\nfunc (s *Time) Afternoon() {\r\n\ts.time = \"afternoon\"\r\n}\r\n\r\nfunc (s Time) Night() {\r\n\ts.time = \"night\"\r\n}\r\n\r\nfunc main() {\r\n\tt := Time{\"morning\"}\r\n\tfmt.Println(t.time) // morning\r\n\tt.Afternoon()\r\n\tfmt.Println(t.time) // afternoon\r\n\tt.Night()\r\n\tfmt.Println(t.time) // afternoon\r\n}\r\n```\r\n以上の例ではAfternoonメソッドがポインタレシーバを持っており、Nightメソッドが変数レシーバを持っています。\r\nそのため、変数tはAfternoonメソッドでのみ変更されます。\r\n\r\n## まとめ\r\n- メソッド内で変数を書き換えたい場合はポインタをうまく活用しよう！\r\n\r\n以上。", "category": 6, "created_at": "2022-06-29T14:15:49Z"}}, {"model": "blog.diary", "pk": 13, "fields": {"title": "wslの環境変数設定について", "subtitle": "環境変数ってrootユーザーとそうでないユーザーで設定違うんですね～という色々ハマった話", "text": "# wslの環境変数設定でハマった話\r\n先日goの開発ためにwslの環境変数設定デビューしました。そこで[【Go】WSL2にGoをインストールする手順 - Zenn](https://zenn.dev/sola_msr/articles/9a770c08e69ab54c8075 \"【Go】WSL2にGoをインストールする手順 - Zenn\")を参考にgoの環境構築と環境変数設定をしたのですが、`.bashrc`に設定を書いても`go env`で設定変わってないんだけど？となったので、書き残していきます。\r\n\r\n## wsl(Ubuntu)の環境変数設定について\r\n[bash の初期化ファイル .profile, .bashrc, .bash_profile の使い分けと管理方針 - A Memorandum](https://blog1.mammb.com/entry/2019/12/01/090000#Ubuntu%E3%81%AE%E5%88%9D%E6%9C%9F%E5%8C%96%E3%83%95%E3%82%A1%E3%82%A4%E3%83%AB \"bash の初期化ファイル .profile, .bashrc, .bash_profile の使い分けと管理方針 - A Memorandum\")の説明を確認するとlinux(というかUbuntu？)ではログイン後に~/.profileが読み込まれ、さらにbashであれば~/.bashrcが読み込まれます。\r\n\r\nしたがって、環境変数設定は`.bashrc`に書き込むように。という記事がたくさん見つかります。\r\n\r\n## 環境変数ってrootユーザーとそうでないユーザーで異なる？\r\nそこで私は偶然にも`/root/.bashrc`を見つけ、設定を書き込んだのですが、`go env`の出力が変わらない...\r\n\r\n原因はrootユーザーの環境変数が別に設定でき、`/root/.bashrc`に書き込んだ内容はrootユーザーの環境変数設定となるということでした。\r\n\r\n解決策としては当然`~/.bashrc`というホームディレクトリ直下のファイルに書き込むことで解決しました。\r\n\r\n## まとめ\r\n- rootユーザーとそうでない者の環境変数設定は分かれている\r\n- いつもの環境変数については`~/.bashrc`に書き込め", "category": 8, "created_at": "2022-07-19T01:32:14Z"}}, {"model": "blog.diary", "pk": 14, "fields": {"title": "入茶した", "subtitle": "atcoder入茶した", "text": "# 久しぶりの日記\r\n久しぶりに日記を書きます。いざ日記を残してみようと思っても何を書けばいいのか分かりませんが、今回はかけそうなことがあったのでかいてみました。\r\n\r\n## 入茶した\r\n結論から言うと入茶しました\r\n\r\n![nyuucha](/media/editor/nyuucha_20220719111041216621.png \"nyuucha\")\r\n\r\natcoderではレベルごとに色分けがされていて、灰色からスタートし、茶色、緑色...と上がっていくみたいで、次のレベルに上がることを入（任意の色）と表現するみたいです。\r\n\r\n自分はコーディングが多少好きなのと、就活用のコーディングテスト対策をしたいという思いから2022/04くらいからちょこちょこABCを解き始めました。\r\n\r\n正直書けるコードのレベルはそれほど変わっていなくてABCでいうところのA,Bが確実に解け、C,Dが解けないことがある程度のレベルです。\r\n\r\n今後はC,Dを確実に解けるようにアルゴリズムの勉強もしていきたいね～という感じですね。（最近サボってるけど）\r\n\r\n以上", "category": 1, "created_at": "2022-07-19T02:08:55Z"}}, {"model": "blog.diary", "pk": 15, "fields": {"title": "react routerが効かなかった話", "subtitle": "npm installする階層って大事なんだなあ", "text": "# npm installする階層は大事\r\nインターンでreactを使うことが確定したので最近reactの勉強を兼ねて、apiたたいてブログ投稿と閲覧ができるようなアプリを作り始めました。そこで直面した課題について残しておきます。\r\n\r\n## 環境\r\nreact:v18\r\nreact router:v6\r\n\r\n## やったこと\r\nほとんど[この記事](https://ralacode.com/blog/post/how-to-use-react-router/ \"この記事\")を参考にして進めました。\r\n\r\n最後に`npm start`までしてブラウザを見ると真っ白...\r\n\r\n初めはreact routerがv6から記法が変わったので何かミスってるのかなとも思ったのですが、特にミスは見当たらず...\r\n\r\nブラウザのコンソールには\r\n```\r\nReactJS: TypeError: Cannot read properties of null (reading ‘useRef’)\r\n```\r\nが出ていましたが特にそのような箇所も見当たらず...\r\n\r\nreact routerのバージョンが間違っているのかな？と思いpackage.jsonを一応確認するとそこにreact routerの文字はありませんでした\r\n\r\n## 原因\r\n原因は`npm install`をプロジェクトのディレクトリ下ではなく、その一つ上のディレクトリで行ってしまったことでした。\r\n\r\n今後の対策としては\r\n\r\n- `npm install`を行う前に、プロジェクト下にいることを確認する。\r\n- `which npm`コマンドを使ってどのnpmコマンドを使っているか確認する。\r\n\r\n等になるんでしょうか。\r\n\r\n以上、まぬけな備忘録でした。", "category": 9, "created_at": "2022-07-27T22:49:04Z"}}, {"model": "blog.diary", "pk": 16, "fields": {"title": "react hooksについてまとめる", "subtitle": "react hooksいっぱいあってこんがらがってきたのでまとめます", "text": "# react hooksについてまとめよう\r\n## そもそもreact hooksとは\r\nhookはreact16.8で追加された心機能であり、以前までクラスを用いて表現する必要があったstate等のreactの機能をクラスを書かずに使えるようにしたもので以下のようなものがあります。\r\n\r\n- useState\r\n- useEffect\r\n- useContext\r\n- useReducer\r\n- useCallback\r\n\r\n\r\n1つずつ確認していきます。\r\n\r\n## useState\r\n\r\n- その名の通り、stateを管理します。\r\n\r\n### コード例\r\n```\r\nexport const TestUseState = () => {\r\n// 関数名はset[変数名(語頭大文字)], useState()の引数で初期値指定\r\n\tconst [count, setCount] = useState(0)\r\n\treturn (\r\n\t\t<p>{count}</p>\r\n\t\t<button onClick={() => setCount(count+1)}>+1</button>\r\n\t);\r\n}\r\n```\r\n\r\n## useEffect\r\n\r\n- 関数実行タイミングをレンダリング後まで遅らせることができる\r\n- 第二引数に変数の配列を指定でき、それらが書き変わるタイミングで関数を実行できる\r\n- 第二引数に空の配列を渡せば、初回レンダリング時のみ呼び出されるようにできる\r\n\r\n最後の一個が一番重要な気がする\r\n\r\n### コード例\r\n```\r\nuseEffect(() => {\r\n  /* 第1引数には実行させたい副作用関数を記述*/\r\n  console.log('副作用関数が実行されました！')\r\n},[依存する変数の配列]) // 第2引数には副作用関数の実行タイミングを制御する依存データを記述\r\n```\r\n\r\n## useContext\r\n\r\n- グローバル変数とみなす変数を設定できる\r\n- いわゆるバケツリレーの解決に使われる\r\n\r\n## useReducer\r\n\r\n- 大体useState\r\n- 複数stateとactionを使うことによってより複雑な変更をstateに加えられる\r\n\r\n## useCallback\r\n\r\n- 処理が重い関数などを入れ、再レンダリングごとに呼び出されるのを防ぐことができる\r\n- 第二引数の依存配列の要素が変更されたときに呼び出される\r\n- React.memoと組み合わせてレンダリングの負荷をさらに減らす\r\n\r\n## まとめ\r\n以上ですが、後半三つについては今後詳しく調べたいと思います", "category": 9, "created_at": "2022-08-07T03:57:37Z"}}, {"model": "blog.diary", "pk": 19, "fields": {"title": "Djangoで画像を返すLINE BOTを作成した", "subtitle": "始めてDjangoでLINE BOTを作ったので自分用に備忘録を残しておきます", "text": "# DjangoでLINE BOTを作った\n諸事情あってLINE BOTを作ることになったのでその備忘録を残しておきます。\n\n## 概要\nとりあえず動くものを作りたかったので「正解」に対しては画像1, それ以外のワードに対しては画像2を返すものを試験的に作りました。\n\n## 手順\n* 仮想環境名：venv(venv)\n* プロジェクト名：line_bot、app名：line_bot_aiでstartproject,  startappした\n* line_botディレクトリ下のurls.pyを次のように変更した\n```\nfrom django.contrib import admin\nfrom django.urls import include, path # 追加部分\n\nurlpatterns = [\n    path('line_bot_ai/', include('line_bot_ai.urls')), # 追加部分\n    path('admin/', admin.site.urls),\n]\n```\n* line_bot_aiディレクトリ下のurls.pyを追加した\n```\nfrom django.urls import path\nfrom . import views\n\nurlpatterns = [\n    path('', views.index, name='callback'),\n]\n```\n* views.pyで使うので`pip install django-environ line-bot-sdk`をしておいた\n* LINE BOTの新しいチャネル（プロバイダー）を作る\n* LINE DeveloperのページのMessagingAPI設定タブをクリックし、一番下にあるチャネルアクセストークンをコピーしておく\n* プロジェクト直下に環境設定用のファイル`.env`を作成した\n```\nACCESSTOKEN={取得したチャネルアクセストークン}\n```\n\n* line_bot_aiディレクトリ下のviews.pyを追加した\n```\nfrom email.mime import image\nfrom django.shortcuts import render\nfrom django.http import HttpResponse\nimport json\nfrom django.views.decorators.csrf import csrf_exempt\n\nfrom linebot import LineBotApi\nfrom linebot.models import ImageSendMessage\nfrom linebot.exceptions import LineBotApiError\n\nimport environ\n\nenv = environ.Env()\n\nACCESSTOKEN = env(\"ACCESSTOKEN\")\n\nline_bot_api = LineBotApi(ACCESSTOKEN)\n\n@csrf_exempt\ndef index(request):\n    if request.method == 'POST':\n        request = json.loads(request.body.decode('utf-8'))\n        data = request['events'][0]\n        message = data['message']['text']\n        reply_token = data['replyToken']\n        if message == '正解':\n            res_image = ImageSendMessage(original_content_url=r\"https://encrypted-tbn0.gstatic.com/images?q=tbn:ANd9GcTGwjQL1IJHjHO4p3Z16VSdNsVRzrTvIcbNW4FVLJgnoe7ZiACh&s\", preview_image_url=r\"https://encrypted-tbn0.gstatic.com/images?q=tbn:ANd9GcTGwjQL1IJHjHO4p3Z16VSdNsVRzrTvIcbNW4FVLJgnoe7ZiACh&s\")\n        else:\n            res_image = ImageSendMessage(original_content_url=r\"https://2.bp.blogspot.com/-b8RGYZ3IXX4/Vf-aJng1qzI/AAAAAAAAyDo/pTdU_3xTK0w/s400/dame_man.png\", preview_image_url=r\"https://2.bp.blogspot.com/-b8RGYZ3IXX4/Vf-aJng1qzI/AAAAAAAAyDo/pTdU_3xTK0w/s400/dame_man.png\")\n\n        try:\n            line_bot_api.reply_message(reply_token, res_image)\n            # print(message)\n            # print(res_image)\n        except LineBotApiError as e:\n            print(e)\n\n        return HttpResponse(\"ok\")\n```\nなおエンドポイントやapiの叩き方、jsonのデータ型等は[公式のドキュメント](https://developers.line.biz/ja/reference/messaging-api/)に丁寧に書かれている。", "category": 2, "created_at": "2022-09-02T04:12:11.178Z"}}, {"model": "blog.diary", "pk": 20, "fields": {"title": "supabaseにおけるトランザクション処理", "subtitle": "supabaseでトランザクション処理ってどうやるのー？", "text": "## 概要\r\nDB操作を行う際に複雑な処理の場合には複数のSQL文を実行する必要が出てくる。この際に必須となるトランザクションという概念とsupabaseにおける実行方法をメモっておく。\r\n\r\n## トランザクションとは\r\n複数の SQL 文によるデータ更新を1つの処理としてまとめてデータベースに反映させること。例えばデータベースへ何かしらのUPDATEをしたら、更新ログを残すという処理をする場合、UPDATEと更新ログへのINSERTがトランザクションとなる。\r\n\r\n## supabaseでの実行方法\r\nとてもシンプル\r\n1. functionsで実行したい関数を定義\r\n2. `supabase.rpc()`で定義した関数を呼び出す\r\n\r\n### 実装例\r\nfunctions\r\n```\r\ncreate or replace function update_hoge()\r\nreturns bool\r\nlanguage plpgsql\r\nas $$\r\nbegin\r\n  // update\r\n  update fuga\r\n  set hogehoge = \"fugafuga\";\r\n  // insert\r\n  insert into hoge_log values\r\n  (\"fugafuga\");\r\n  return true;\r\nend;\r\n$$;\r\n```\r\nfront\r\n```\r\nconst { data } = await supabase.rpc('update_hoge')\r\n\r\n```", "category": 10, "created_at": "2023-02-19T13:32:39Z"}}, {"model": "home.aboutskills", "pk": 1, "fields": {"name": "Python", "stars": 5}}, {"model": "home.aboutskills", "pk": 2, "fields": {"name": "Django", "stars": 4}}, {"model": "home.aboutskills", "pk": 3, "fields": {"name": "numpy, pandas, scikit-learn", "stars": 3}}, {"model": "home.aboutskills", "pk": 4, "fields": {"name": "Pytorch", "stars": 2}}, {"model": "home.aboutskills", "pk": 5, "fields": {"name": "HTML, css", "stars": 4}}, {"model": "home.aboutskills", "pk": 6, "fields": {"name": "javascript, jQuery", "stars": 4}}, {"model": "home.aboutskills", "pk": 7, "fields": {"name": "Matlab, simulink", "stars": 4}}, {"model": "home.aboutskills", "pk": 8, "fields": {"name": "linux", "stars": 4}}, {"model": "home.aboutskills", "pk": 9, "fields": {"name": "go", "stars": 1}}, {"model": "home.aboutskills", "pk": 10, "fields": {"name": "react", "stars": 2}}, {"model": "admin.logentry", "pk": 1, "fields": {"action_time": "2022-03-04T08:32:15.788Z", "user": 1, "content_type": 1, "object_id": "1", "object_repr": "日記", "action_flag": 1, "change_message": "[{\"added\": {}}]"}}, {"model": "admin.logentry", "pk": 2, "fields": {"action_time": "2022-03-04T08:33:31.358Z", "user": 1, "content_type": 2, "object_id": "1", "object_repr": "てすとです", "action_flag": 1, "change_message": "[{\"added\": {}}]"}}, {"model": "admin.logentry", "pk": 3, "fields": {"action_time": "2022-03-09T14:57:31.515Z", "user": 1, "content_type": 2, "object_id": "2", "object_repr": "画像てすと", "action_flag": 1, "change_message": "[{\"added\": {}}]"}}, {"model": "admin.logentry", "pk": 4, "fields": {"action_time": "2022-04-30T07:18:41.488Z", "user": 1, "content_type": 12, "object_id": "0", "object_repr": "スプラッシュボム", "action_flag": 2, "change_message": "[{\"changed\": {\"fields\": [\"Image\"]}}]"}}, {"model": "admin.logentry", "pk": 5, "fields": {"action_time": "2022-04-30T07:18:49.850Z", "user": 1, "content_type": 12, "object_id": "1", "object_repr": "キューバンボム", "action_flag": 2, "change_message": "[{\"changed\": {\"fields\": [\"Image\"]}}]"}}, {"model": "admin.logentry", "pk": 6, "fields": {"action_time": "2022-04-30T07:18:58.605Z", "user": 1, "content_type": 12, "object_id": "2", "object_repr": "クイックボム", "action_flag": 2, "change_message": "[{\"changed\": {\"fields\": [\"Image\"]}}]"}}, {"model": "admin.logentry", "pk": 7, "fields": {"action_time": "2022-04-30T07:19:06.853Z", "user": 1, "content_type": 12, "object_id": "3", "object_repr": "カーリングボム", "action_flag": 2, "change_message": "[{\"changed\": {\"fields\": [\"Image\"]}}]"}}, {"model": "admin.logentry", "pk": 8, "fields": {"action_time": "2022-04-30T07:19:15.452Z", "user": 1, "content_type": 12, "object_id": "4", "object_repr": "ロボットボム", "action_flag": 2, "change_message": "[{\"changed\": {\"fields\": [\"Image\"]}}]"}}, {"model": "admin.logentry", "pk": 9, "fields": {"action_time": "2022-04-30T07:19:22.470Z", "user": 1, "content_type": 12, "object_id": "5", "object_repr": "タンサンボム", "action_flag": 2, "change_message": "[{\"changed\": {\"fields\": [\"Image\"]}}]"}}, {"model": "admin.logentry", "pk": 10, "fields": {"action_time": "2022-04-30T07:19:29.460Z", "user": 1, "content_type": 12, "object_id": "6", "object_repr": "トーピード", "action_flag": 2, "change_message": "[{\"changed\": {\"fields\": [\"Image\"]}}]"}}, {"model": "admin.logentry", "pk": 11, "fields": {"action_time": "2022-04-30T07:19:36.746Z", "user": 1, "content_type": 12, "object_id": "7", "object_repr": "トラップ", "action_flag": 2, "change_message": "[{\"changed\": {\"fields\": [\"Image\"]}}]"}}, {"model": "admin.logentry", "pk": 12, "fields": {"action_time": "2022-04-30T07:19:45.331Z", "user": 1, "content_type": 12, "object_id": "8", "object_repr": "ポイズンミスト", "action_flag": 2, "change_message": "[{\"changed\": {\"fields\": [\"Image\"]}}]"}}, {"model": "admin.logentry", "pk": 13, "fields": {"action_time": "2022-04-30T07:19:52.515Z", "user": 1, "content_type": 12, "object_id": "9", "object_repr": "ポイントセンサー", "action_flag": 2, "change_message": "[{\"changed\": {\"fields\": [\"Image\"]}}]"}}, {"model": "admin.logentry", "pk": 14, "fields": {"action_time": "2022-04-30T07:20:00.312Z", "user": 1, "content_type": 12, "object_id": "10", "object_repr": "スプラッシュシールド", "action_flag": 2, "change_message": "[{\"changed\": {\"fields\": [\"Image\"]}}]"}}, {"model": "admin.logentry", "pk": 15, "fields": {"action_time": "2022-04-30T07:20:09.779Z", "user": 1, "content_type": 12, "object_id": "11", "object_repr": "ジャンプビーコン", "action_flag": 2, "change_message": "[{\"changed\": {\"fields\": [\"Image\"]}}]"}}, {"model": "admin.logentry", "pk": 16, "fields": {"action_time": "2022-04-30T07:20:16.551Z", "user": 1, "content_type": 12, "object_id": "12", "object_repr": "スプリンクラー", "action_flag": 2, "change_message": "[{\"changed\": {\"fields\": [\"Image\"]}}]"}}, {"model": "admin.logentry", "pk": 17, "fields": {"action_time": "2022-04-30T07:20:30.138Z", "user": 1, "content_type": 11, "object_id": "0", "object_repr": "マルチミサイル", "action_flag": 2, "change_message": "[{\"changed\": {\"fields\": [\"Image\"]}}]"}}, {"model": "admin.logentry", "pk": 18, "fields": {"action_time": "2022-04-30T07:20:37.540Z", "user": 1, "content_type": 11, "object_id": "1", "object_repr": "ハイパープレッサー", "action_flag": 2, "change_message": "[{\"changed\": {\"fields\": [\"Image\"]}}]"}}, {"model": "admin.logentry", "pk": 19, "fields": {"action_time": "2022-04-30T07:20:45.873Z", "user": 1, "content_type": 11, "object_id": "2", "object_repr": "ジェットパック", "action_flag": 2, "change_message": "[{\"changed\": {\"fields\": [\"Image\"]}}]"}}, {"model": "admin.logentry", "pk": 20, "fields": {"action_time": "2022-04-30T07:20:53.008Z", "user": 1, "content_type": 11, "object_id": "3", "object_repr": "スーパーチャクチ", "action_flag": 2, "change_message": "[{\"changed\": {\"fields\": [\"Image\"]}}]"}}, {"model": "admin.logentry", "pk": 21, "fields": {"action_time": "2022-04-30T07:21:00.846Z", "user": 1, "content_type": 11, "object_id": "4", "object_repr": "インクアーマー", "action_flag": 2, "change_message": "[{\"changed\": {\"fields\": [\"Image\"]}}]"}}, {"model": "admin.logentry", "pk": 22, "fields": {"action_time": "2022-04-30T07:21:08.265Z", "user": 1, "content_type": 11, "object_id": "5", "object_repr": "ボムピッチャー(スプラッシュボム)", "action_flag": 2, "change_message": "[{\"changed\": {\"fields\": [\"Image\"]}}]"}}, {"model": "admin.logentry", "pk": 23, "fields": {"action_time": "2022-04-30T07:21:17.216Z", "user": 1, "content_type": 11, "object_id": "6", "object_repr": "ボムピッチャー(キューバンボム)", "action_flag": 2, "change_message": "[{\"changed\": {\"fields\": [\"Image\"]}}]"}}, {"model": "admin.logentry", "pk": 24, "fields": {"action_time": "2022-04-30T07:21:24.718Z", "user": 1, "content_type": 11, "object_id": "7", "object_repr": "ボムピッチャー(クイックボム)", "action_flag": 2, "change_message": "[{\"changed\": {\"fields\": [\"Image\"]}}]"}}, {"model": "admin.logentry", "pk": 25, "fields": {"action_time": "2022-04-30T07:21:33.332Z", "user": 1, "content_type": 11, "object_id": "8", "object_repr": "ボムピッチャー(カーリングボム)", "action_flag": 2, "change_message": "[{\"changed\": {\"fields\": [\"Image\"]}}]"}}, {"model": "admin.logentry", "pk": 26, "fields": {"action_time": "2022-04-30T07:21:40.858Z", "user": 1, "content_type": 11, "object_id": "9", "object_repr": "ボムピッチャー(ロボットボム)", "action_flag": 2, "change_message": "[{\"changed\": {\"fields\": [\"Image\"]}}]"}}, {"model": "admin.logentry", "pk": 27, "fields": {"action_time": "2022-04-30T07:21:49.251Z", "user": 1, "content_type": 11, "object_id": "10", "object_repr": "アメフラシ", "action_flag": 2, "change_message": "[{\"changed\": {\"fields\": [\"Image\"]}}]"}}, {"model": "admin.logentry", "pk": 28, "fields": {"action_time": "2022-04-30T07:21:56.311Z", "user": 1, "content_type": 11, "object_id": "11", "object_repr": "イカスフィア", "action_flag": 2, "change_message": "[{\"changed\": {\"fields\": [\"Image\"]}}]"}}, {"model": "admin.logentry", "pk": 29, "fields": {"action_time": "2022-04-30T07:22:03.939Z", "user": 1, "content_type": 11, "object_id": "12", "object_repr": "バブルランチャー", "action_flag": 2, "change_message": "[{\"changed\": {\"fields\": [\"Image\"]}}]"}}, {"model": "admin.logentry", "pk": 30, "fields": {"action_time": "2022-04-30T07:22:13.988Z", "user": 1, "content_type": 11, "object_id": "13", "object_repr": "ナイスダマ", "action_flag": 2, "change_message": "[{\"changed\": {\"fields\": [\"Image\"]}}]"}}, {"model": "admin.logentry", "pk": 31, "fields": {"action_time": "2022-04-30T07:22:21.493Z", "user": 1, "content_type": 11, "object_id": "14", "object_repr": "ウルトラハンコ", "action_flag": 2, "change_message": "[{\"changed\": {\"fields\": [\"Image\"]}}]"}}, {"model": "admin.logentry", "pk": 32, "fields": {"action_time": "2022-04-30T07:22:43.116Z", "user": 1, "content_type": 15, "object_id": "0", "object_repr": "わかばシューター", "action_flag": 2, "change_message": "[{\"changed\": {\"fields\": [\"Image\"]}}]"}}, {"model": "admin.logentry", "pk": 33, "fields": {"action_time": "2022-04-30T07:22:52.353Z", "user": 1, "content_type": 15, "object_id": "1", "object_repr": "もみじシューター", "action_flag": 2, "change_message": "[{\"changed\": {\"fields\": [\"Image\"]}}]"}}, {"model": "admin.logentry", "pk": 34, "fields": {"action_time": "2022-04-30T07:23:01.061Z", "user": 1, "content_type": 15, "object_id": "2", "object_repr": "おちばシューター", "action_flag": 2, "change_message": "[{\"changed\": {\"fields\": [\"Image\"]}}]"}}, {"model": "admin.logentry", "pk": 35, "fields": {"action_time": "2022-04-30T07:23:09.170Z", "user": 1, "content_type": 15, "object_id": "3", "object_repr": "スプラシューター", "action_flag": 2, "change_message": "[{\"changed\": {\"fields\": [\"Image\"]}}]"}}, {"model": "admin.logentry", "pk": 36, "fields": {"action_time": "2022-04-30T07:23:17.746Z", "user": 1, "content_type": 15, "object_id": "4", "object_repr": "スプラシューターコラボ", "action_flag": 2, "change_message": "[{\"changed\": {\"fields\": [\"Image\"]}}]"}}, {"model": "admin.logentry", "pk": 37, "fields": {"action_time": "2022-04-30T07:23:26.421Z", "user": 1, "content_type": 15, "object_id": "5", "object_repr": "スプラシューターベッチュー", "action_flag": 2, "change_message": "[{\"changed\": {\"fields\": [\"Image\"]}}]"}}, {"model": "admin.logentry", "pk": 38, "fields": {"action_time": "2022-04-30T07:23:33.873Z", "user": 1, "content_type": 15, "object_id": "6", "object_repr": "プライムシューター", "action_flag": 2, "change_message": "[{\"changed\": {\"fields\": [\"Image\"]}}]"}}, {"model": "admin.logentry", "pk": 39, "fields": {"action_time": "2022-04-30T07:23:57.351Z", "user": 1, "content_type": 15, "object_id": "7", "object_repr": "プライムシューターコラボ", "action_flag": 2, "change_message": "[{\"changed\": {\"fields\": [\"Image\"]}}]"}}, {"model": "admin.logentry", "pk": 40, "fields": {"action_time": "2022-04-30T07:24:06.124Z", "user": 1, "content_type": 15, "object_id": "8", "object_repr": "プライムシューターベッチュー", "action_flag": 2, "change_message": "[{\"changed\": {\"fields\": [\"Image\"]}}]"}}, {"model": "admin.logentry", "pk": 41, "fields": {"action_time": "2022-04-30T07:24:13.904Z", "user": 1, "content_type": 15, "object_id": "9", "object_repr": ".52ガロン", "action_flag": 2, "change_message": "[{\"changed\": {\"fields\": [\"Image\"]}}]"}}, {"model": "admin.logentry", "pk": 42, "fields": {"action_time": "2022-04-30T07:24:22.318Z", "user": 1, "content_type": 15, "object_id": "10", "object_repr": ".52ガロンデコ", "action_flag": 2, "change_message": "[{\"changed\": {\"fields\": [\"Image\"]}}]"}}, {"model": "admin.logentry", "pk": 43, "fields": {"action_time": "2022-04-30T07:24:29.692Z", "user": 1, "content_type": 15, "object_id": "11", "object_repr": ".52ガロンベッチュー", "action_flag": 2, "change_message": "[{\"changed\": {\"fields\": [\"Image\"]}}]"}}, {"model": "admin.logentry", "pk": 44, "fields": {"action_time": "2022-04-30T07:24:42.499Z", "user": 1, "content_type": 15, "object_id": "12", "object_repr": ".96ガロン", "action_flag": 2, "change_message": "[{\"changed\": {\"fields\": [\"Image\"]}}]"}}, {"model": "admin.logentry", "pk": 45, "fields": {"action_time": "2022-04-30T07:24:52.072Z", "user": 1, "content_type": 15, "object_id": "13", "object_repr": ".96ガロンデコ", "action_flag": 2, "change_message": "[{\"changed\": {\"fields\": [\"Image\"]}}]"}}, {"model": "admin.logentry", "pk": 46, "fields": {"action_time": "2022-04-30T07:25:02.870Z", "user": 1, "content_type": 15, "object_id": "14", "object_repr": "ジェットスイーパー", "action_flag": 2, "change_message": "[{\"changed\": {\"fields\": [\"Image\"]}}]"}}, {"model": "admin.logentry", "pk": 47, "fields": {"action_time": "2022-04-30T07:25:10.962Z", "user": 1, "content_type": 15, "object_id": "15", "object_repr": "ジェットスイーパーカスタム", "action_flag": 2, "change_message": "[{\"changed\": {\"fields\": [\"Image\"]}}]"}}, {"model": "admin.logentry", "pk": 48, "fields": {"action_time": "2022-04-30T07:25:20.878Z", "user": 1, "content_type": 15, "object_id": "16", "object_repr": "ボールドマーカー", "action_flag": 2, "change_message": "[{\"changed\": {\"fields\": [\"Image\"]}}]"}}, {"model": "admin.logentry", "pk": 49, "fields": {"action_time": "2022-04-30T07:25:31.632Z", "user": 1, "content_type": 15, "object_id": "17", "object_repr": "ボールドマーカーネオ", "action_flag": 2, "change_message": "[{\"changed\": {\"fields\": [\"Image\"]}}]"}}, {"model": "admin.logentry", "pk": 50, "fields": {"action_time": "2022-04-30T07:25:42.376Z", "user": 1, "content_type": 15, "object_id": "18", "object_repr": "ボールドマーカー7", "action_flag": 2, "change_message": "[{\"changed\": {\"fields\": [\"Image\"]}}]"}}, {"model": "admin.logentry", "pk": 51, "fields": {"action_time": "2022-04-30T07:25:54.383Z", "user": 1, "content_type": 15, "object_id": "19", "object_repr": "シャープマーカー", "action_flag": 2, "change_message": "[{\"changed\": {\"fields\": [\"Image\"]}}]"}}, {"model": "admin.logentry", "pk": 52, "fields": {"action_time": "2022-04-30T07:26:03.701Z", "user": 1, "content_type": 15, "object_id": "20", "object_repr": "シャープマーカーネオ", "action_flag": 2, "change_message": "[{\"changed\": {\"fields\": [\"Image\"]}}]"}}, {"model": "admin.logentry", "pk": 53, "fields": {"action_time": "2022-04-30T07:26:13.460Z", "user": 1, "content_type": 15, "object_id": "21", "object_repr": "N-ZAP85", "action_flag": 2, "change_message": "[{\"changed\": {\"fields\": [\"Image\"]}}]"}}, {"model": "admin.logentry", "pk": 54, "fields": {"action_time": "2022-04-30T07:26:21.240Z", "user": 1, "content_type": 15, "object_id": "22", "object_repr": "N-ZAP89", "action_flag": 2, "change_message": "[{\"changed\": {\"fields\": [\"Image\"]}}]"}}, {"model": "admin.logentry", "pk": 55, "fields": {"action_time": "2022-04-30T07:26:28.203Z", "user": 1, "content_type": 15, "object_id": "23", "object_repr": "N-ZAP83", "action_flag": 2, "change_message": "[{\"changed\": {\"fields\": [\"Image\"]}}]"}}, {"model": "admin.logentry", "pk": 56, "fields": {"action_time": "2022-04-30T07:26:37.253Z", "user": 1, "content_type": 15, "object_id": "24", "object_repr": "プロモデラーMG", "action_flag": 2, "change_message": "[{\"changed\": {\"fields\": [\"Image\"]}}]"}}, {"model": "admin.logentry", "pk": 57, "fields": {"action_time": "2022-04-30T07:26:48.177Z", "user": 1, "content_type": 15, "object_id": "25", "object_repr": "プロモデラーRG", "action_flag": 2, "change_message": "[{\"changed\": {\"fields\": [\"Image\"]}}]"}}, {"model": "admin.logentry", "pk": 58, "fields": {"action_time": "2022-04-30T07:26:55.704Z", "user": 1, "content_type": 15, "object_id": "26", "object_repr": "プロモデラーPG", "action_flag": 2, "change_message": "[{\"changed\": {\"fields\": [\"Image\"]}}]"}}, {"model": "admin.logentry", "pk": 59, "fields": {"action_time": "2022-04-30T07:27:04.879Z", "user": 1, "content_type": 15, "object_id": "27", "object_repr": "ホットブラスター", "action_flag": 2, "change_message": "[{\"changed\": {\"fields\": [\"Image\"]}}]"}}, {"model": "admin.logentry", "pk": 60, "fields": {"action_time": "2022-04-30T07:27:17.502Z", "user": 1, "content_type": 15, "object_id": "28", "object_repr": "ホットブラスターカスタム", "action_flag": 2, "change_message": "[{\"changed\": {\"fields\": [\"Image\"]}}]"}}, {"model": "admin.logentry", "pk": 61, "fields": {"action_time": "2022-04-30T07:27:36.155Z", "user": 1, "content_type": 15, "object_id": "29", "object_repr": "ロングブラスター", "action_flag": 2, "change_message": "[{\"changed\": {\"fields\": [\"Image\"]}}]"}}, {"model": "admin.logentry", "pk": 62, "fields": {"action_time": "2022-04-30T07:27:47.650Z", "user": 1, "content_type": 15, "object_id": "30", "object_repr": "ロングブラスターカスタム", "action_flag": 2, "change_message": "[{\"changed\": {\"fields\": [\"Image\"]}}]"}}, {"model": "admin.logentry", "pk": 63, "fields": {"action_time": "2022-04-30T07:27:57.351Z", "user": 1, "content_type": 15, "object_id": "31", "object_repr": "ロングブラスターネクロ", "action_flag": 2, "change_message": "[{\"changed\": {\"fields\": [\"Image\"]}}]"}}, {"model": "admin.logentry", "pk": 64, "fields": {"action_time": "2022-04-30T07:28:07.461Z", "user": 1, "content_type": 15, "object_id": "32", "object_repr": "ラピッドブラスター", "action_flag": 2, "change_message": "[{\"changed\": {\"fields\": [\"Image\"]}}]"}}, {"model": "admin.logentry", "pk": 65, "fields": {"action_time": "2022-04-30T07:28:17.373Z", "user": 1, "content_type": 15, "object_id": "33", "object_repr": "ラピッドブラスターデコ", "action_flag": 2, "change_message": "[{\"changed\": {\"fields\": [\"Image\"]}}]"}}, {"model": "admin.logentry", "pk": 66, "fields": {"action_time": "2022-04-30T07:28:27.445Z", "user": 1, "content_type": 15, "object_id": "34", "object_repr": "ラピッドブラスターベッチュー", "action_flag": 2, "change_message": "[{\"changed\": {\"fields\": [\"Image\"]}}]"}}, {"model": "admin.logentry", "pk": 67, "fields": {"action_time": "2022-04-30T07:28:39.128Z", "user": 1, "content_type": 15, "object_id": "35", "object_repr": "Rブラスターエリート", "action_flag": 2, "change_message": "[{\"changed\": {\"fields\": [\"Image\"]}}]"}}, {"model": "admin.logentry", "pk": 68, "fields": {"action_time": "2022-04-30T07:28:51.507Z", "user": 1, "content_type": 15, "object_id": "36", "object_repr": "Rブラスターエリートデコ", "action_flag": 2, "change_message": "[{\"changed\": {\"fields\": [\"Image\"]}}]"}}, {"model": "admin.logentry", "pk": 69, "fields": {"action_time": "2022-04-30T07:29:05.753Z", "user": 1, "content_type": 15, "object_id": "37", "object_repr": "ノヴァブラスター", "action_flag": 2, "change_message": "[{\"changed\": {\"fields\": [\"Image\"]}}]"}}, {"model": "admin.logentry", "pk": 70, "fields": {"action_time": "2022-04-30T07:29:31.039Z", "user": 1, "content_type": 15, "object_id": "38", "object_repr": "ノヴァブラスターネオ", "action_flag": 2, "change_message": "[{\"changed\": {\"fields\": [\"Image\"]}}]"}}, {"model": "admin.logentry", "pk": 71, "fields": {"action_time": "2022-04-30T07:29:44.872Z", "user": 1, "content_type": 15, "object_id": "39", "object_repr": "ノヴァブラスターベッチュー", "action_flag": 2, "change_message": "[{\"changed\": {\"fields\": [\"Image\"]}}]"}}, {"model": "admin.logentry", "pk": 72, "fields": {"action_time": "2022-04-30T07:30:08.479Z", "user": 1, "content_type": 15, "object_id": "40", "object_repr": "クラッシュブラスター", "action_flag": 2, "change_message": "[{\"changed\": {\"fields\": [\"Image\"]}}]"}}, {"model": "admin.logentry", "pk": 73, "fields": {"action_time": "2022-04-30T07:30:18.394Z", "user": 1, "content_type": 15, "object_id": "41", "object_repr": "クラッシュブラスターネオ", "action_flag": 2, "change_message": "[{\"changed\": {\"fields\": [\"Image\"]}}]"}}, {"model": "admin.logentry", "pk": 74, "fields": {"action_time": "2022-04-30T07:30:35.994Z", "user": 1, "content_type": 15, "object_id": "42", "object_repr": "L3リールガン", "action_flag": 2, "change_message": "[{\"changed\": {\"fields\": [\"Image\"]}}]"}}, {"model": "admin.logentry", "pk": 75, "fields": {"action_time": "2022-04-30T07:30:48.778Z", "user": 1, "content_type": 15, "object_id": "43", "object_repr": "L3リールガンD", "action_flag": 2, "change_message": "[{\"changed\": {\"fields\": [\"Image\"]}}]"}}, {"model": "admin.logentry", "pk": 76, "fields": {"action_time": "2022-04-30T07:31:03.692Z", "user": 1, "content_type": 15, "object_id": "44", "object_repr": "L3リールガンベッチュー", "action_flag": 2, "change_message": "[{\"changed\": {\"fields\": [\"Image\"]}}]"}}, {"model": "admin.logentry", "pk": 77, "fields": {"action_time": "2022-04-30T07:31:17.141Z", "user": 1, "content_type": 15, "object_id": "45", "object_repr": "H3リールガン", "action_flag": 2, "change_message": "[{\"changed\": {\"fields\": [\"Image\"]}}]"}}, {"model": "admin.logentry", "pk": 78, "fields": {"action_time": "2022-04-30T07:31:28.032Z", "user": 1, "content_type": 15, "object_id": "46", "object_repr": "H3リールガンD", "action_flag": 2, "change_message": "[{\"changed\": {\"fields\": [\"Image\"]}}]"}}, {"model": "admin.logentry", "pk": 79, "fields": {"action_time": "2022-04-30T07:31:40.278Z", "user": 1, "content_type": 15, "object_id": "47", "object_repr": "H3リールガンチェリー", "action_flag": 2, "change_message": "[{\"changed\": {\"fields\": [\"Image\"]}}]"}}, {"model": "admin.logentry", "pk": 80, "fields": {"action_time": "2022-04-30T07:31:52.303Z", "user": 1, "content_type": 15, "object_id": "48", "object_repr": "ボトルガイザー", "action_flag": 2, "change_message": "[{\"changed\": {\"fields\": [\"Image\"]}}]"}}, {"model": "admin.logentry", "pk": 81, "fields": {"action_time": "2022-04-30T07:32:04.375Z", "user": 1, "content_type": 15, "object_id": "49", "object_repr": "ボトルガイザーフォイル", "action_flag": 2, "change_message": "[{\"changed\": {\"fields\": [\"Image\"]}}]"}}, {"model": "admin.logentry", "pk": 82, "fields": {"action_time": "2022-04-30T07:32:18.732Z", "user": 1, "content_type": 15, "object_id": "50", "object_repr": "スプラローラー", "action_flag": 2, "change_message": "[{\"changed\": {\"fields\": [\"Image\"]}}]"}}, {"model": "admin.logentry", "pk": 83, "fields": {"action_time": "2022-04-30T07:32:33.215Z", "user": 1, "content_type": 15, "object_id": "51", "object_repr": "スプラローラーコラボ", "action_flag": 2, "change_message": "[{\"changed\": {\"fields\": [\"Image\"]}}]"}}, {"model": "admin.logentry", "pk": 84, "fields": {"action_time": "2022-04-30T07:32:47.476Z", "user": 1, "content_type": 15, "object_id": "52", "object_repr": "スプラローラーベッチュー", "action_flag": 2, "change_message": "[{\"changed\": {\"fields\": [\"Image\"]}}]"}}, {"model": "admin.logentry", "pk": 85, "fields": {"action_time": "2022-04-30T07:32:58.875Z", "user": 1, "content_type": 15, "object_id": "53", "object_repr": "カーボンローラー", "action_flag": 2, "change_message": "[{\"changed\": {\"fields\": [\"Image\"]}}]"}}, {"model": "admin.logentry", "pk": 86, "fields": {"action_time": "2022-04-30T07:33:11.939Z", "user": 1, "content_type": 15, "object_id": "54", "object_repr": "カーボンローラーデコ", "action_flag": 2, "change_message": "[{\"changed\": {\"fields\": [\"Image\"]}}]"}}, {"model": "admin.logentry", "pk": 87, "fields": {"action_time": "2022-04-30T07:33:25.843Z", "user": 1, "content_type": 15, "object_id": "55", "object_repr": "ヴァリアブルローラー", "action_flag": 2, "change_message": "[{\"changed\": {\"fields\": [\"Image\"]}}]"}}, {"model": "admin.logentry", "pk": 88, "fields": {"action_time": "2022-04-30T07:33:40.847Z", "user": 1, "content_type": 15, "object_id": "56", "object_repr": "ヴァリアブルローラーフォイル", "action_flag": 2, "change_message": "[{\"changed\": {\"fields\": [\"Image\"]}}]"}}, {"model": "admin.logentry", "pk": 89, "fields": {"action_time": "2022-04-30T07:33:52.831Z", "user": 1, "content_type": 15, "object_id": "57", "object_repr": "ダイナモローラー", "action_flag": 2, "change_message": "[{\"changed\": {\"fields\": [\"Image\"]}}]"}}, {"model": "admin.logentry", "pk": 90, "fields": {"action_time": "2022-04-30T07:34:07.937Z", "user": 1, "content_type": 15, "object_id": "58", "object_repr": "ダイナモローラーテスラ", "action_flag": 2, "change_message": "[{\"changed\": {\"fields\": [\"Image\"]}}]"}}, {"model": "admin.logentry", "pk": 91, "fields": {"action_time": "2022-04-30T07:34:24.005Z", "user": 1, "content_type": 15, "object_id": "59", "object_repr": "ダイナモローラーベッチュー", "action_flag": 2, "change_message": "[{\"changed\": {\"fields\": [\"Image\"]}}]"}}, {"model": "admin.logentry", "pk": 92, "fields": {"action_time": "2022-04-30T07:34:43.120Z", "user": 1, "content_type": 15, "object_id": "60", "object_repr": "パブロ", "action_flag": 2, "change_message": "[{\"changed\": {\"fields\": [\"Image\"]}}]"}}, {"model": "admin.logentry", "pk": 93, "fields": {"action_time": "2022-04-30T07:34:54.994Z", "user": 1, "content_type": 15, "object_id": "61", "object_repr": "パブロ・ヒュー", "action_flag": 2, "change_message": "[{\"changed\": {\"fields\": [\"Image\"]}}]"}}, {"model": "admin.logentry", "pk": 94, "fields": {"action_time": "2022-04-30T07:35:04.814Z", "user": 1, "content_type": 15, "object_id": "62", "object_repr": "パーマネント・パブロ", "action_flag": 2, "change_message": "[{\"changed\": {\"fields\": [\"Image\"]}}]"}}, {"model": "admin.logentry", "pk": 95, "fields": {"action_time": "2022-04-30T07:35:17.960Z", "user": 1, "content_type": 15, "object_id": "63", "object_repr": "ホクサイ", "action_flag": 2, "change_message": "[{\"changed\": {\"fields\": [\"Image\"]}}]"}}, {"model": "admin.logentry", "pk": 96, "fields": {"action_time": "2022-04-30T07:35:27.549Z", "user": 1, "content_type": 15, "object_id": "64", "object_repr": "ホクサイ・ヒュー", "action_flag": 2, "change_message": "[{\"changed\": {\"fields\": [\"Image\"]}}]"}}, {"model": "admin.logentry", "pk": 97, "fields": {"action_time": "2022-04-30T07:35:39.121Z", "user": 1, "content_type": 15, "object_id": "65", "object_repr": "ホクサイベッチュー", "action_flag": 2, "change_message": "[{\"changed\": {\"fields\": [\"Image\"]}}]"}}, {"model": "admin.logentry", "pk": 98, "fields": {"action_time": "2022-04-30T07:35:50.110Z", "user": 1, "content_type": 15, "object_id": "66", "object_repr": "スプラチャージャー", "action_flag": 2, "change_message": "[{\"changed\": {\"fields\": [\"Image\"]}}]"}}, {"model": "admin.logentry", "pk": 99, "fields": {"action_time": "2022-04-30T07:36:03.936Z", "user": 1, "content_type": 15, "object_id": "67", "object_repr": "スプラチャージャーコラボ", "action_flag": 2, "change_message": "[{\"changed\": {\"fields\": [\"Image\"]}}]"}}, {"model": "admin.logentry", "pk": 100, "fields": {"action_time": "2022-04-30T07:36:15.411Z", "user": 1, "content_type": 15, "object_id": "68", "object_repr": "スプラチャージャーベッチュー", "action_flag": 2, "change_message": "[{\"changed\": {\"fields\": [\"Image\"]}}]"}}, {"model": "admin.logentry", "pk": 101, "fields": {"action_time": "2022-04-30T07:36:25.603Z", "user": 1, "content_type": 15, "object_id": "69", "object_repr": "スプラスコープ", "action_flag": 2, "change_message": "[{\"changed\": {\"fields\": [\"Image\"]}}]"}}, {"model": "admin.logentry", "pk": 102, "fields": {"action_time": "2022-04-30T07:36:36.743Z", "user": 1, "content_type": 15, "object_id": "70", "object_repr": "スプラスコープコラボ", "action_flag": 2, "change_message": "[{\"changed\": {\"fields\": [\"Image\"]}}]"}}, {"model": "admin.logentry", "pk": 103, "fields": {"action_time": "2022-04-30T07:36:48.420Z", "user": 1, "content_type": 15, "object_id": "71", "object_repr": "スプラスコープベッチュー", "action_flag": 2, "change_message": "[{\"changed\": {\"fields\": [\"Image\"]}}]"}}, {"model": "admin.logentry", "pk": 104, "fields": {"action_time": "2022-04-30T07:36:59.482Z", "user": 1, "content_type": 15, "object_id": "72", "object_repr": "リッター4K", "action_flag": 2, "change_message": "[{\"changed\": {\"fields\": [\"Image\"]}}]"}}, {"model": "admin.logentry", "pk": 105, "fields": {"action_time": "2022-04-30T07:37:12.323Z", "user": 1, "content_type": 15, "object_id": "73", "object_repr": "リッター4Kカスタム", "action_flag": 2, "change_message": "[{\"changed\": {\"fields\": [\"Image\"]}}]"}}, {"model": "admin.logentry", "pk": 106, "fields": {"action_time": "2022-04-30T07:37:25.628Z", "user": 1, "content_type": 15, "object_id": "74", "object_repr": "4Kスコープ", "action_flag": 2, "change_message": "[{\"changed\": {\"fields\": [\"Image\"]}}]"}}, {"model": "admin.logentry", "pk": 107, "fields": {"action_time": "2022-04-30T07:37:36.682Z", "user": 1, "content_type": 15, "object_id": "75", "object_repr": "4Kスコープカスタム", "action_flag": 2, "change_message": "[{\"changed\": {\"fields\": [\"Image\"]}}]"}}, {"model": "admin.logentry", "pk": 108, "fields": {"action_time": "2022-04-30T07:37:58.126Z", "user": 1, "content_type": 15, "object_id": "76", "object_repr": "ソイチューバー", "action_flag": 2, "change_message": "[{\"changed\": {\"fields\": [\"Image\"]}}]"}}, {"model": "admin.logentry", "pk": 109, "fields": {"action_time": "2022-04-30T07:38:09.819Z", "user": 1, "content_type": 15, "object_id": "77", "object_repr": "ソイチューバーカスタム", "action_flag": 2, "change_message": "[{\"changed\": {\"fields\": [\"Image\"]}}]"}}, {"model": "admin.logentry", "pk": 110, "fields": {"action_time": "2022-04-30T07:38:22.415Z", "user": 1, "content_type": 15, "object_id": "78", "object_repr": "スクイックリンα", "action_flag": 2, "change_message": "[{\"changed\": {\"fields\": [\"Image\"]}}]"}}, {"model": "admin.logentry", "pk": 111, "fields": {"action_time": "2022-04-30T07:38:34.043Z", "user": 1, "content_type": 15, "object_id": "79", "object_repr": "スクイックリンβ", "action_flag": 2, "change_message": "[{\"changed\": {\"fields\": [\"Image\"]}}]"}}, {"model": "admin.logentry", "pk": 112, "fields": {"action_time": "2022-04-30T07:38:45.711Z", "user": 1, "content_type": 15, "object_id": "80", "object_repr": "スクイックリンγ", "action_flag": 2, "change_message": "[{\"changed\": {\"fields\": [\"Image\"]}}]"}}, {"model": "admin.logentry", "pk": 113, "fields": {"action_time": "2022-04-30T07:38:56.100Z", "user": 1, "content_type": 15, "object_id": "81", "object_repr": "14式竹筒銃・甲", "action_flag": 2, "change_message": "[{\"changed\": {\"fields\": [\"Image\"]}}]"}}, {"model": "admin.logentry", "pk": 114, "fields": {"action_time": "2022-04-30T07:39:04.401Z", "user": 1, "content_type": 15, "object_id": "82", "object_repr": "14式竹筒銃・乙", "action_flag": 2, "change_message": "[{\"changed\": {\"fields\": [\"Image\"]}}]"}}, {"model": "admin.logentry", "pk": 115, "fields": {"action_time": "2022-04-30T07:39:14.862Z", "user": 1, "content_type": 15, "object_id": "83", "object_repr": "14式竹筒銃・丙", "action_flag": 2, "change_message": "[{\"changed\": {\"fields\": [\"Image\"]}}]"}}, {"model": "admin.logentry", "pk": 116, "fields": {"action_time": "2022-04-30T07:39:25.446Z", "user": 1, "content_type": 15, "object_id": "84", "object_repr": "バケットスロッシャー", "action_flag": 2, "change_message": "[{\"changed\": {\"fields\": [\"Image\"]}}]"}}, {"model": "admin.logentry", "pk": 117, "fields": {"action_time": "2022-04-30T07:39:38.325Z", "user": 1, "content_type": 15, "object_id": "85", "object_repr": "バケットスロッシャーデコ", "action_flag": 2, "change_message": "[{\"changed\": {\"fields\": [\"Image\"]}}]"}}, {"model": "admin.logentry", "pk": 118, "fields": {"action_time": "2022-04-30T07:39:47.150Z", "user": 1, "content_type": 15, "object_id": "86", "object_repr": "バケットスロッシャーソーダ", "action_flag": 2, "change_message": "[{\"changed\": {\"fields\": [\"Image\"]}}]"}}, {"model": "admin.logentry", "pk": 119, "fields": {"action_time": "2022-04-30T07:39:57.452Z", "user": 1, "content_type": 15, "object_id": "87", "object_repr": "ヒッセン", "action_flag": 2, "change_message": "[{\"changed\": {\"fields\": [\"Image\"]}}]"}}, {"model": "admin.logentry", "pk": 120, "fields": {"action_time": "2022-04-30T07:40:10.745Z", "user": 1, "content_type": 15, "object_id": "88", "object_repr": "ヒッセン・ヒュー", "action_flag": 2, "change_message": "[{\"changed\": {\"fields\": [\"Image\"]}}]"}}, {"model": "admin.logentry", "pk": 121, "fields": {"action_time": "2022-04-30T07:40:25.123Z", "user": 1, "content_type": 15, "object_id": "89", "object_repr": "スクリュースロッシャー", "action_flag": 2, "change_message": "[{\"changed\": {\"fields\": [\"Image\"]}}]"}}, {"model": "admin.logentry", "pk": 122, "fields": {"action_time": "2022-04-30T07:40:34.223Z", "user": 1, "content_type": 15, "object_id": "90", "object_repr": "スクリュースロッシャーネオ", "action_flag": 2, "change_message": "[{\"changed\": {\"fields\": [\"Image\"]}}]"}}, {"model": "admin.logentry", "pk": 123, "fields": {"action_time": "2022-04-30T07:40:45.032Z", "user": 1, "content_type": 15, "object_id": "91", "object_repr": "スクリュースロッシャーベッチュー", "action_flag": 2, "change_message": "[{\"changed\": {\"fields\": [\"Image\"]}}]"}}, {"model": "admin.logentry", "pk": 124, "fields": {"action_time": "2022-04-30T07:40:57.553Z", "user": 1, "content_type": 15, "object_id": "92", "object_repr": "オーバーフロッシャー", "action_flag": 2, "change_message": "[{\"changed\": {\"fields\": [\"Image\"]}}]"}}, {"model": "admin.logentry", "pk": 125, "fields": {"action_time": "2022-04-30T07:41:07.528Z", "user": 1, "content_type": 15, "object_id": "93", "object_repr": "オーバーフロッシャーデコ", "action_flag": 2, "change_message": "[{\"changed\": {\"fields\": [\"Image\"]}}]"}}, {"model": "admin.logentry", "pk": 126, "fields": {"action_time": "2022-04-30T07:41:22.331Z", "user": 1, "content_type": 15, "object_id": "94", "object_repr": "エクスプロッシャー", "action_flag": 2, "change_message": "[{\"changed\": {\"fields\": [\"Image\"]}}]"}}, {"model": "admin.logentry", "pk": 127, "fields": {"action_time": "2022-04-30T07:41:33.244Z", "user": 1, "content_type": 15, "object_id": "95", "object_repr": "エクスプロッシャーカスタム", "action_flag": 2, "change_message": "[{\"changed\": {\"fields\": [\"Image\"]}}]"}}, {"model": "admin.logentry", "pk": 128, "fields": {"action_time": "2022-04-30T07:41:49.051Z", "user": 1, "content_type": 15, "object_id": "96", "object_repr": "バレルスピナー", "action_flag": 2, "change_message": "[{\"changed\": {\"fields\": [\"Image\"]}}]"}}, {"model": "admin.logentry", "pk": 129, "fields": {"action_time": "2022-04-30T07:42:00.678Z", "user": 1, "content_type": 15, "object_id": "97", "object_repr": "バレルスピナーデコ", "action_flag": 2, "change_message": "[{\"changed\": {\"fields\": [\"Image\"]}}]"}}, {"model": "admin.logentry", "pk": 130, "fields": {"action_time": "2022-04-30T07:42:13.244Z", "user": 1, "content_type": 15, "object_id": "98", "object_repr": "バレルスピナーリミックス", "action_flag": 2, "change_message": "[{\"changed\": {\"fields\": [\"Image\"]}}]"}}, {"model": "admin.logentry", "pk": 131, "fields": {"action_time": "2022-04-30T07:42:24.030Z", "user": 1, "content_type": 15, "object_id": "99", "object_repr": "スプラスピナー", "action_flag": 2, "change_message": "[{\"changed\": {\"fields\": [\"Image\"]}}]"}}, {"model": "admin.logentry", "pk": 132, "fields": {"action_time": "2022-04-30T07:42:36.500Z", "user": 1, "content_type": 15, "object_id": "100", "object_repr": "スプラスピナーコラボ", "action_flag": 2, "change_message": "[{\"changed\": {\"fields\": [\"Image\"]}}]"}}, {"model": "admin.logentry", "pk": 133, "fields": {"action_time": "2022-04-30T07:42:49.128Z", "user": 1, "content_type": 15, "object_id": "101", "object_repr": "スプラスピナーベッチュー", "action_flag": 2, "change_message": "[{\"changed\": {\"fields\": [\"Image\"]}}]"}}, {"model": "admin.logentry", "pk": 134, "fields": {"action_time": "2022-04-30T07:42:59.442Z", "user": 1, "content_type": 15, "object_id": "102", "object_repr": "ハイドラント", "action_flag": 2, "change_message": "[{\"changed\": {\"fields\": [\"Image\"]}}]"}}, {"model": "admin.logentry", "pk": 135, "fields": {"action_time": "2022-04-30T07:43:09.712Z", "user": 1, "content_type": 15, "object_id": "103", "object_repr": "ハイドラントカスタム", "action_flag": 2, "change_message": "[{\"changed\": {\"fields\": [\"Image\"]}}]"}}, {"model": "admin.logentry", "pk": 136, "fields": {"action_time": "2022-04-30T07:43:19.595Z", "user": 1, "content_type": 15, "object_id": "104", "object_repr": "クーゲルシュライバー", "action_flag": 2, "change_message": "[{\"changed\": {\"fields\": [\"Image\"]}}]"}}, {"model": "admin.logentry", "pk": 137, "fields": {"action_time": "2022-04-30T07:43:32.563Z", "user": 1, "content_type": 15, "object_id": "105", "object_repr": "クーゲルシュライバー・ヒュー", "action_flag": 2, "change_message": "[{\"changed\": {\"fields\": [\"Image\"]}}]"}}, {"model": "admin.logentry", "pk": 138, "fields": {"action_time": "2022-04-30T07:43:45.952Z", "user": 1, "content_type": 15, "object_id": "106", "object_repr": "ノーチラス47", "action_flag": 2, "change_message": "[{\"changed\": {\"fields\": [\"Image\"]}}]"}}, {"model": "admin.logentry", "pk": 139, "fields": {"action_time": "2022-04-30T07:43:54.504Z", "user": 1, "content_type": 15, "object_id": "107", "object_repr": "ノーチラス79", "action_flag": 2, "change_message": "[{\"changed\": {\"fields\": [\"Image\"]}}]"}}, {"model": "admin.logentry", "pk": 140, "fields": {"action_time": "2022-04-30T07:44:07.886Z", "user": 1, "content_type": 15, "object_id": "108", "object_repr": "スプラマニューバー", "action_flag": 2, "change_message": "[{\"changed\": {\"fields\": [\"Image\"]}}]"}}, {"model": "admin.logentry", "pk": 141, "fields": {"action_time": "2022-04-30T07:44:19.810Z", "user": 1, "content_type": 15, "object_id": "109", "object_repr": "スプラマニューバーコラボ", "action_flag": 2, "change_message": "[{\"changed\": {\"fields\": [\"Image\"]}}]"}}, {"model": "admin.logentry", "pk": 142, "fields": {"action_time": "2022-04-30T07:44:33.295Z", "user": 1, "content_type": 15, "object_id": "110", "object_repr": "スプラマニューバーベッチュー", "action_flag": 2, "change_message": "[{\"changed\": {\"fields\": [\"Image\"]}}]"}}, {"model": "admin.logentry", "pk": 143, "fields": {"action_time": "2022-04-30T07:44:43.599Z", "user": 1, "content_type": 15, "object_id": "111", "object_repr": "スパッタリー", "action_flag": 2, "change_message": "[{\"changed\": {\"fields\": [\"Image\"]}}]"}}, {"model": "admin.logentry", "pk": 144, "fields": {"action_time": "2022-04-30T07:45:00.338Z", "user": 1, "content_type": 15, "object_id": "112", "object_repr": "スパッタリー・ヒュー", "action_flag": 2, "change_message": "[{\"changed\": {\"fields\": [\"Image\"]}}]"}}, {"model": "admin.logentry", "pk": 145, "fields": {"action_time": "2022-04-30T07:45:10.215Z", "user": 1, "content_type": 15, "object_id": "113", "object_repr": "スパッタリークリア", "action_flag": 2, "change_message": "[{\"changed\": {\"fields\": [\"Image\"]}}]"}}, {"model": "admin.logentry", "pk": 146, "fields": {"action_time": "2022-04-30T07:45:20.714Z", "user": 1, "content_type": 15, "object_id": "114", "object_repr": "デュアルスイーパー", "action_flag": 2, "change_message": "[{\"changed\": {\"fields\": [\"Image\"]}}]"}}, {"model": "admin.logentry", "pk": 147, "fields": {"action_time": "2022-04-30T07:45:42.113Z", "user": 1, "content_type": 15, "object_id": "115", "object_repr": "デュアルスイーパーカスタム", "action_flag": 2, "change_message": "[{\"changed\": {\"fields\": [\"Image\"]}}]"}}, {"model": "admin.logentry", "pk": 148, "fields": {"action_time": "2022-04-30T07:45:50.827Z", "user": 1, "content_type": 15, "object_id": "116", "object_repr": "ケルビン525", "action_flag": 2, "change_message": "[{\"changed\": {\"fields\": [\"Image\"]}}]"}}, {"model": "admin.logentry", "pk": 149, "fields": {"action_time": "2022-04-30T07:45:59.730Z", "user": 1, "content_type": 15, "object_id": "117", "object_repr": "ケルビン525デコ", "action_flag": 2, "change_message": "[{\"changed\": {\"fields\": [\"Image\"]}}]"}}, {"model": "admin.logentry", "pk": 150, "fields": {"action_time": "2022-04-30T07:46:10.201Z", "user": 1, "content_type": 15, "object_id": "118", "object_repr": "ケルビン525ベッチュー", "action_flag": 2, "change_message": "[{\"changed\": {\"fields\": [\"Image\"]}}]"}}, {"model": "admin.logentry", "pk": 151, "fields": {"action_time": "2022-04-30T07:46:19.730Z", "user": 1, "content_type": 15, "object_id": "119", "object_repr": "クアッドホッパーブラック", "action_flag": 2, "change_message": "[{\"changed\": {\"fields\": [\"Image\"]}}]"}}, {"model": "admin.logentry", "pk": 152, "fields": {"action_time": "2022-04-30T07:46:29.471Z", "user": 1, "content_type": 15, "object_id": "120", "object_repr": "クアッドホッパーホワイト", "action_flag": 2, "change_message": "[{\"changed\": {\"fields\": [\"Image\"]}}]"}}, {"model": "admin.logentry", "pk": 153, "fields": {"action_time": "2022-04-30T07:46:38.684Z", "user": 1, "content_type": 15, "object_id": "121", "object_repr": "パラシェルター", "action_flag": 2, "change_message": "[{\"changed\": {\"fields\": [\"Image\"]}}]"}}, {"model": "admin.logentry", "pk": 154, "fields": {"action_time": "2022-04-30T07:46:49.358Z", "user": 1, "content_type": 15, "object_id": "122", "object_repr": "パラシェルターソレーラ", "action_flag": 2, "change_message": "[{\"changed\": {\"fields\": [\"Image\"]}}]"}}, {"model": "admin.logentry", "pk": 155, "fields": {"action_time": "2022-04-30T07:46:59.914Z", "user": 1, "content_type": 15, "object_id": "123", "object_repr": "キャンピングシェルター", "action_flag": 2, "change_message": "[{\"changed\": {\"fields\": [\"Image\"]}}]"}}, {"model": "admin.logentry", "pk": 156, "fields": {"action_time": "2022-04-30T07:47:12.076Z", "user": 1, "content_type": 15, "object_id": "124", "object_repr": "キャンピングシェルターソレーラ", "action_flag": 2, "change_message": "[{\"changed\": {\"fields\": [\"Image\"]}}]"}}, {"model": "admin.logentry", "pk": 157, "fields": {"action_time": "2022-04-30T07:47:21.041Z", "user": 1, "content_type": 15, "object_id": "125", "object_repr": "キャンピングシェルターカーモ", "action_flag": 2, "change_message": "[{\"changed\": {\"fields\": [\"Image\"]}}]"}}, {"model": "admin.logentry", "pk": 158, "fields": {"action_time": "2022-04-30T07:47:30.312Z", "user": 1, "content_type": 15, "object_id": "126", "object_repr": "スパイガジェット", "action_flag": 2, "change_message": "[{\"changed\": {\"fields\": [\"Image\"]}}]"}}, {"model": "admin.logentry", "pk": 159, "fields": {"action_time": "2022-04-30T07:47:41.814Z", "user": 1, "content_type": 15, "object_id": "127", "object_repr": "スパイガジェットソレーラ", "action_flag": 2, "change_message": "[{\"changed\": {\"fields\": [\"Image\"]}}]"}}, {"model": "admin.logentry", "pk": 160, "fields": {"action_time": "2022-04-30T07:47:50.921Z", "user": 1, "content_type": 15, "object_id": "128", "object_repr": "スパイガジェットベッチュー", "action_flag": 2, "change_message": "[{\"changed\": {\"fields\": [\"Image\"]}}]"}}, {"model": "admin.logentry", "pk": 161, "fields": {"action_time": "2022-05-08T13:44:58.851Z", "user": 1, "content_type": 1, "object_id": "2", "object_repr": "django", "action_flag": 1, "change_message": "[{\"added\": {}}]"}}, {"model": "admin.logentry", "pk": 162, "fields": {"action_time": "2022-05-08T14:06:30.396Z", "user": 1, "content_type": 2, "object_id": "3", "object_repr": "View間でデータを受け渡す方法", "action_flag": 1, "change_message": "[{\"added\": {}}]"}}, {"model": "admin.logentry", "pk": 163, "fields": {"action_time": "2022-05-10T03:46:20.931Z", "user": 1, "content_type": 2, "object_id": "2", "object_repr": "画像てすと", "action_flag": 3, "change_message": ""}}, {"model": "admin.logentry", "pk": 164, "fields": {"action_time": "2022-05-10T03:46:25.735Z", "user": 1, "content_type": 2, "object_id": "1", "object_repr": "てすとです", "action_flag": 3, "change_message": ""}}, {"model": "admin.logentry", "pk": 165, "fields": {"action_time": "2022-05-14T04:50:07.538Z", "user": 1, "content_type": 1, "object_id": "3", "object_repr": "統計メモ", "action_flag": 1, "change_message": "[{\"added\": {}}]"}}, {"model": "admin.logentry", "pk": 166, "fields": {"action_time": "2022-05-14T05:35:01.354Z", "user": 1, "content_type": 2, "object_id": "4", "object_repr": "級内相関係数とは？", "action_flag": 1, "change_message": "[{\"added\": {}}]"}}, {"model": "admin.logentry", "pk": 167, "fields": {"action_time": "2022-05-14T05:40:14.309Z", "user": 1, "content_type": 2, "object_id": "4", "object_repr": "級内相関係数とは？", "action_flag": 2, "change_message": "[{\"changed\": {\"fields\": [\"Text\"]}}]"}}, {"model": "admin.logentry", "pk": 168, "fields": {"action_time": "2022-05-18T04:23:13.855Z", "user": 1, "content_type": 2, "object_id": "4", "object_repr": "級内相関係数とは？", "action_flag": 2, "change_message": "[{\"changed\": {\"fields\": [\"Text\"]}}]"}}, {"model": "admin.logentry", "pk": 169, "fields": {"action_time": "2022-05-18T04:23:44.817Z", "user": 1, "content_type": 2, "object_id": "4", "object_repr": "級内相関係数とは？", "action_flag": 2, "change_message": "[{\"changed\": {\"fields\": [\"Text\"]}}]"}}, {"model": "admin.logentry", "pk": 170, "fields": {"action_time": "2022-05-18T04:24:34.604Z", "user": 1, "content_type": 2, "object_id": "4", "object_repr": "級内相関係数とは？", "action_flag": 2, "change_message": "[{\"changed\": {\"fields\": [\"Text\"]}}]"}}, {"model": "admin.logentry", "pk": 171, "fields": {"action_time": "2022-05-18T04:26:41.000Z", "user": 1, "content_type": 2, "object_id": "4", "object_repr": "級内相関係数とは？", "action_flag": 2, "change_message": "[{\"changed\": {\"fields\": [\"Text\"]}}]"}}, {"model": "admin.logentry", "pk": 172, "fields": {"action_time": "2022-05-18T04:27:24.613Z", "user": 1, "content_type": 2, "object_id": "4", "object_repr": "級内相関係数とは？", "action_flag": 2, "change_message": "[{\"changed\": {\"fields\": [\"Text\"]}}]"}}, {"model": "admin.logentry", "pk": 173, "fields": {"action_time": "2022-05-18T04:28:42.340Z", "user": 1, "content_type": 2, "object_id": "4", "object_repr": "級内相関係数とは？", "action_flag": 2, "change_message": "[{\"changed\": {\"fields\": [\"Text\"]}}]"}}, {"model": "admin.logentry", "pk": 174, "fields": {"action_time": "2022-05-18T04:29:00.101Z", "user": 1, "content_type": 2, "object_id": "4", "object_repr": "級内相関係数とは？", "action_flag": 2, "change_message": "[{\"changed\": {\"fields\": [\"Text\"]}}]"}}, {"model": "admin.logentry", "pk": 175, "fields": {"action_time": "2022-05-23T04:22:22.141Z", "user": 1, "content_type": 2, "object_id": "4", "object_repr": "級内相関係数とは？", "action_flag": 2, "change_message": "[{\"changed\": {\"fields\": [\"Text\"]}}]"}}, {"model": "admin.logentry", "pk": 176, "fields": {"action_time": "2022-05-23T04:23:19.175Z", "user": 1, "content_type": 2, "object_id": "4", "object_repr": "級内相関係数とは？", "action_flag": 2, "change_message": "[{\"changed\": {\"fields\": [\"Text\"]}}]"}}, {"model": "admin.logentry", "pk": 177, "fields": {"action_time": "2022-05-23T04:23:54.922Z", "user": 1, "content_type": 2, "object_id": "4", "object_repr": "級内相関係数とは？", "action_flag": 2, "change_message": "[{\"changed\": {\"fields\": [\"Text\"]}}]"}}, {"model": "admin.logentry", "pk": 178, "fields": {"action_time": "2022-05-25T08:48:36.662Z", "user": 1, "content_type": 1, "object_id": "4", "object_repr": "web系知識メモ", "action_flag": 1, "change_message": "[{\"added\": {}}]"}}, {"model": "admin.logentry", "pk": 179, "fields": {"action_time": "2022-05-25T09:37:18.586Z", "user": 1, "content_type": 2, "object_id": "5", "object_repr": "パース(Parse)とは？", "action_flag": 1, "change_message": "[{\"added\": {}}]"}}, {"model": "admin.logentry", "pk": 180, "fields": {"action_time": "2022-05-31T05:54:37.439Z", "user": 1, "content_type": 2, "object_id": "4", "object_repr": "級内相関係数とは？", "action_flag": 2, "change_message": "[{\"changed\": {\"fields\": [\"Text\"]}}]"}}, {"model": "admin.logentry", "pk": 181, "fields": {"action_time": "2022-06-03T10:08:24.586Z", "user": 1, "content_type": 2, "object_id": "6", "object_repr": "自分について", "action_flag": 1, "change_message": "[{\"added\": {}}]"}}, {"model": "admin.logentry", "pk": 182, "fields": {"action_time": "2022-06-03T16:49:33.290Z", "user": 1, "content_type": 1, "object_id": "5", "object_repr": "atcoder備忘録", "action_flag": 1, "change_message": "[{\"added\": {}}]"}}, {"model": "admin.logentry", "pk": 183, "fields": {"action_time": "2022-06-03T16:49:34.679Z", "user": 1, "content_type": 2, "object_id": "7", "object_repr": "ABC253のC問題について", "action_flag": 1, "change_message": "[{\"added\": {}}]"}}, {"model": "admin.logentry", "pk": 184, "fields": {"action_time": "2022-06-03T16:50:54.321Z", "user": 1, "content_type": 2, "object_id": "7", "object_repr": "ABC253のC問題について", "action_flag": 2, "change_message": "[{\"changed\": {\"fields\": [\"Text\"]}}]"}}, {"model": "admin.logentry", "pk": 185, "fields": {"action_time": "2022-06-03T16:51:37.666Z", "user": 1, "content_type": 2, "object_id": "7", "object_repr": "ABC253のC問題について", "action_flag": 2, "change_message": "[]"}}, {"model": "admin.logentry", "pk": 186, "fields": {"action_time": "2022-06-03T16:51:49.176Z", "user": 1, "content_type": 2, "object_id": "4", "object_repr": "級内相関係数とは？", "action_flag": 2, "change_message": "[]"}}, {"model": "admin.logentry", "pk": 187, "fields": {"action_time": "2022-06-03T16:52:36.264Z", "user": 1, "content_type": 2, "object_id": "7", "object_repr": "ABC253のC問題について", "action_flag": 2, "change_message": "[]"}}, {"model": "admin.logentry", "pk": 188, "fields": {"action_time": "2022-06-03T16:54:44.663Z", "user": 1, "content_type": 2, "object_id": "4", "object_repr": "級内相関係数とは？", "action_flag": 2, "change_message": "[{\"changed\": {\"fields\": [\"Text\"]}}]"}}, {"model": "admin.logentry", "pk": 189, "fields": {"action_time": "2022-06-03T16:55:13.840Z", "user": 1, "content_type": 2, "object_id": "7", "object_repr": "ABC253のC問題について", "action_flag": 2, "change_message": "[{\"changed\": {\"fields\": [\"Text\"]}}]"}}, {"model": "admin.logentry", "pk": 190, "fields": {"action_time": "2022-06-14T07:51:27.021Z", "user": 1, "content_type": 2, "object_id": "8", "object_repr": "CSRFとは？", "action_flag": 1, "change_message": "[{\"added\": {}}]"}}, {"model": "admin.logentry", "pk": 191, "fields": {"action_time": "2022-06-14T07:52:26.924Z", "user": 1, "content_type": 2, "object_id": "8", "object_repr": "CSRFとは？", "action_flag": 2, "change_message": "[{\"changed\": {\"fields\": [\"Text\"]}}]"}}, {"model": "admin.logentry", "pk": 192, "fields": {"action_time": "2022-06-14T07:53:45.435Z", "user": 1, "content_type": 2, "object_id": "8", "object_repr": "CSRFとは？", "action_flag": 2, "change_message": "[{\"changed\": {\"fields\": [\"Text\"]}}]"}}, {"model": "admin.logentry", "pk": 193, "fields": {"action_time": "2022-06-14T07:54:20.948Z", "user": 1, "content_type": 2, "object_id": "8", "object_repr": "CSRFとは？", "action_flag": 2, "change_message": "[{\"changed\": {\"fields\": [\"Text\"]}}]"}}, {"model": "admin.logentry", "pk": 194, "fields": {"action_time": "2022-06-14T08:10:14.414Z", "user": 1, "content_type": 2, "object_id": "8", "object_repr": "CSRFとは？", "action_flag": 2, "change_message": "[{\"changed\": {\"fields\": [\"Text\"]}}]"}}, {"model": "admin.logentry", "pk": 195, "fields": {"action_time": "2022-06-14T08:11:28.949Z", "user": 1, "content_type": 2, "object_id": "8", "object_repr": "CSRFとは？", "action_flag": 2, "change_message": "[{\"changed\": {\"fields\": [\"Text\"]}}]"}}, {"model": "admin.logentry", "pk": 196, "fields": {"action_time": "2022-06-14T08:13:37.440Z", "user": 1, "content_type": 2, "object_id": "8", "object_repr": "csrf_tokenとは？", "action_flag": 2, "change_message": "[{\"changed\": {\"fields\": [\"\\u30bf\\u30a4\\u30c8\\u30eb\", \"\\u30b5\\u30d6\\u30bf\\u30a4\\u30c8\\u30eb\"]}}]"}}, {"model": "admin.logentry", "pk": 197, "fields": {"action_time": "2022-06-14T08:14:06.963Z", "user": 1, "content_type": 2, "object_id": "8", "object_repr": "csrf_tokenとは？", "action_flag": 2, "change_message": "[{\"changed\": {\"fields\": [\"Text\"]}}]"}}, {"model": "admin.logentry", "pk": 198, "fields": {"action_time": "2022-06-16T11:03:53.596Z", "user": 1, "content_type": 2, "object_id": "9", "object_repr": "systemctlとは？", "action_flag": 1, "change_message": "[{\"added\": {}}]"}}, {"model": "admin.logentry", "pk": 199, "fields": {"action_time": "2022-06-19T01:11:43.297Z", "user": 1, "content_type": 1, "object_id": "6", "object_repr": "golang", "action_flag": 1, "change_message": "[{\"added\": {}}]"}}, {"model": "admin.logentry", "pk": 200, "fields": {"action_time": "2022-06-24T10:12:04.880Z", "user": 1, "content_type": 2, "object_id": "10", "object_repr": "goの出力の話", "action_flag": 1, "change_message": "[{\"added\": {}}]"}}, {"model": "admin.logentry", "pk": 201, "fields": {"action_time": "2022-06-29T15:23:43.033Z", "user": 1, "content_type": 2, "object_id": "11", "object_repr": "悩まされたポインタの話", "action_flag": 1, "change_message": "[{\"added\": {}}]"}}, {"model": "admin.logentry", "pk": 202, "fields": {"action_time": "2022-06-29T15:24:40.589Z", "user": 1, "content_type": 2, "object_id": "11", "object_repr": "悩まされたポインタの話", "action_flag": 2, "change_message": "[{\"changed\": {\"fields\": [\"Text\"]}}]"}}, {"model": "admin.logentry", "pk": 203, "fields": {"action_time": "2022-06-29T15:25:29.590Z", "user": 1, "content_type": 17, "object_id": "9", "object_repr": "go", "action_flag": 1, "change_message": "[{\"added\": {}}]"}}, {"model": "admin.logentry", "pk": 204, "fields": {"action_time": "2022-06-29T15:25:36.195Z", "user": 1, "content_type": 17, "object_id": "9", "object_repr": "go", "action_flag": 2, "change_message": "[{\"changed\": {\"fields\": [\"\\u661f\\u306e\\u6570\"]}}]"}}, {"model": "admin.logentry", "pk": 205, "fields": {"action_time": "2022-07-08T06:01:16.819Z", "user": 1, "content_type": 1, "object_id": "7", "object_repr": "treasure専", "action_flag": 1, "change_message": "[{\"added\": {}}]"}}, {"model": "admin.logentry", "pk": 206, "fields": {"action_time": "2022-07-08T06:02:45.062Z", "user": 1, "content_type": 2, "object_id": "12", "object_repr": "環境構築の翻訳", "action_flag": 1, "change_message": "[{\"added\": {}}]"}}, {"model": "admin.logentry", "pk": 207, "fields": {"action_time": "2022-07-08T06:02:55.412Z", "user": 1, "content_type": 1, "object_id": "7", "object_repr": "お宝", "action_flag": 2, "change_message": "[{\"changed\": {\"fields\": [\"\\u30bf\\u30a4\\u30c8\\u30eb\"]}}]"}}, {"model": "admin.logentry", "pk": 208, "fields": {"action_time": "2022-07-19T02:06:58.026Z", "user": 1, "content_type": 1, "object_id": "8", "object_repr": "linux", "action_flag": 1, "change_message": "[{\"added\": {}}]"}}, {"model": "admin.logentry", "pk": 209, "fields": {"action_time": "2022-07-19T02:07:06.361Z", "user": 1, "content_type": 2, "object_id": "13", "object_repr": "wslの環境変数設定について", "action_flag": 1, "change_message": "[{\"added\": {}}]"}}, {"model": "admin.logentry", "pk": 210, "fields": {"action_time": "2022-07-19T02:23:46.483Z", "user": 1, "content_type": 2, "object_id": "14", "object_repr": "入茶した", "action_flag": 1, "change_message": "[{\"added\": {}}]"}}, {"model": "admin.logentry", "pk": 211, "fields": {"action_time": "2022-07-27T09:08:24.900Z", "user": 1, "content_type": 17, "object_id": "2", "object_repr": "Django", "action_flag": 2, "change_message": "[]"}}, {"model": "admin.logentry", "pk": 212, "fields": {"action_time": "2022-07-27T09:08:47.531Z", "user": 1, "content_type": 17, "object_id": "10", "object_repr": "react", "action_flag": 1, "change_message": "[{\"added\": {}}]"}}, {"model": "admin.logentry", "pk": 213, "fields": {"action_time": "2022-07-27T09:08:55.206Z", "user": 1, "content_type": 17, "object_id": "6", "object_repr": "javascript, jQuery", "action_flag": 2, "change_message": "[{\"changed\": {\"fields\": [\"\\u661f\\u306e\\u6570\"]}}]"}}, {"model": "admin.logentry", "pk": 214, "fields": {"action_time": "2022-07-27T09:09:19.966Z", "user": 1, "content_type": 17, "object_id": "3", "object_repr": "numpy, pandas, scikit-learn", "action_flag": 2, "change_message": "[]"}}, {"model": "admin.logentry", "pk": 215, "fields": {"action_time": "2022-07-27T09:09:24.679Z", "user": 1, "content_type": 17, "object_id": "9", "object_repr": "go", "action_flag": 2, "change_message": "[]"}}, {"model": "admin.logentry", "pk": 216, "fields": {"action_time": "2022-07-27T23:12:34.080Z", "user": 1, "content_type": 1, "object_id": "9", "object_repr": "react", "action_flag": 1, "change_message": "[{\"added\": {}}]"}}, {"model": "admin.logentry", "pk": 217, "fields": {"action_time": "2022-07-27T23:12:36.193Z", "user": 1, "content_type": 2, "object_id": "15", "object_repr": "react routerが効かなかった話", "action_flag": 1, "change_message": "[{\"added\": {}}]"}}, {"model": "admin.logentry", "pk": 218, "fields": {"action_time": "2022-07-27T23:13:22.449Z", "user": 1, "content_type": 2, "object_id": "15", "object_repr": "react routerが効かなかった話", "action_flag": 2, "change_message": "[{\"changed\": {\"fields\": [\"Text\"]}}]"}}, {"model": "admin.logentry", "pk": 219, "fields": {"action_time": "2022-08-07T04:38:32.844Z", "user": 1, "content_type": 2, "object_id": "16", "object_repr": "react hooksについてまとめる", "action_flag": 1, "change_message": "[{\"added\": {}}]"}}, {"model": "admin.logentry", "pk": 220, "fields": {"action_time": "2023-02-14T06:46:25.039Z", "user": 1, "content_type": 2, "object_id": "12", "object_repr": "環境構築の翻訳", "action_flag": 3, "change_message": ""}}, {"model": "admin.logentry", "pk": 221, "fields": {"action_time": "2023-02-14T06:46:38.476Z", "user": 1, "content_type": 1, "object_id": "7", "object_repr": "お宝", "action_flag": 3, "change_message": ""}}, {"model": "admin.logentry", "pk": 222, "fields": {"action_time": "2023-02-19T13:48:46.459Z", "user": 1, "content_type": 1, "object_id": "10", "object_repr": "supabase", "action_flag": 1, "change_message": "[{\"added\": {}}]"}}, {"model": "admin.logentry", "pk": 223, "fields": {"action_time": "2023-02-19T13:48:50.587Z", "user": 1, "content_type": 2, "object_id": "20", "object_repr": "supabaseにおけるトランザクション処理", "action_flag": 1, "change_message": "[{\"added\": {}}]"}}, {"model": "auth.permission", "pk": 1, "fields": {"name": "Can add category", "content_type": 1, "codename": "add_category"}}, {"model": "auth.permission", "pk": 2, "fields": {"name": "Can change category", "content_type": 1, "codename": "change_category"}}, {"model": "auth.permission", "pk": 3, "fields": {"name": "Can delete category", "content_type": 1, "codename": "delete_category"}}, {"model": "auth.permission", "pk": 4, "fields": {"name": "Can view category", "content_type": 1, "codename": "view_category"}}, {"model": "auth.permission", "pk": 5, "fields": {"name": "Can add diary", "content_type": 2, "codename": "add_diary"}}, {"model": "auth.permission", "pk": 6, "fields": {"name": "Can change diary", "content_type": 2, "codename": "change_diary"}}, {"model": "auth.permission", "pk": 7, "fields": {"name": "Can delete diary", "content_type": 2, "codename": "delete_diary"}}, {"model": "auth.permission", "pk": 8, "fields": {"name": "Can view diary", "content_type": 2, "codename": "view_diary"}}, {"model": "auth.permission", "pk": 9, "fields": {"name": "Can add log entry", "content_type": 3, "codename": "add_logentry"}}, {"model": "auth.permission", "pk": 10, "fields": {"name": "Can change log entry", "content_type": 3, "codename": "change_logentry"}}, {"model": "auth.permission", "pk": 11, "fields": {"name": "Can delete log entry", "content_type": 3, "codename": "delete_logentry"}}, {"model": "auth.permission", "pk": 12, "fields": {"name": "Can view log entry", "content_type": 3, "codename": "view_logentry"}}, {"model": "auth.permission", "pk": 13, "fields": {"name": "Can add permission", "content_type": 4, "codename": "add_permission"}}, {"model": "auth.permission", "pk": 14, "fields": {"name": "Can change permission", "content_type": 4, "codename": "change_permission"}}, {"model": "auth.permission", "pk": 15, "fields": {"name": "Can delete permission", "content_type": 4, "codename": "delete_permission"}}, {"model": "auth.permission", "pk": 16, "fields": {"name": "Can view permission", "content_type": 4, "codename": "view_permission"}}, {"model": "auth.permission", "pk": 17, "fields": {"name": "Can add group", "content_type": 5, "codename": "add_group"}}, {"model": "auth.permission", "pk": 18, "fields": {"name": "Can change group", "content_type": 5, "codename": "change_group"}}, {"model": "auth.permission", "pk": 19, "fields": {"name": "Can delete group", "content_type": 5, "codename": "delete_group"}}, {"model": "auth.permission", "pk": 20, "fields": {"name": "Can view group", "content_type": 5, "codename": "view_group"}}, {"model": "auth.permission", "pk": 21, "fields": {"name": "Can add user", "content_type": 6, "codename": "add_user"}}, {"model": "auth.permission", "pk": 22, "fields": {"name": "Can change user", "content_type": 6, "codename": "change_user"}}, {"model": "auth.permission", "pk": 23, "fields": {"name": "Can delete user", "content_type": 6, "codename": "delete_user"}}, {"model": "auth.permission", "pk": 24, "fields": {"name": "Can view user", "content_type": 6, "codename": "view_user"}}, {"model": "auth.permission", "pk": 25, "fields": {"name": "Can add content type", "content_type": 7, "codename": "add_contenttype"}}, {"model": "auth.permission", "pk": 26, "fields": {"name": "Can change content type", "content_type": 7, "codename": "change_contenttype"}}, {"model": "auth.permission", "pk": 27, "fields": {"name": "Can delete content type", "content_type": 7, "codename": "delete_contenttype"}}, {"model": "auth.permission", "pk": 28, "fields": {"name": "Can view content type", "content_type": 7, "codename": "view_contenttype"}}, {"model": "auth.permission", "pk": 29, "fields": {"name": "Can add session", "content_type": 8, "codename": "add_session"}}, {"model": "auth.permission", "pk": 30, "fields": {"name": "Can change session", "content_type": 8, "codename": "change_session"}}, {"model": "auth.permission", "pk": 31, "fields": {"name": "Can delete session", "content_type": 8, "codename": "delete_session"}}, {"model": "auth.permission", "pk": 32, "fields": {"name": "Can view session", "content_type": 8, "codename": "view_session"}}, {"model": "auth.permission", "pk": 33, "fields": {"name": "Can add 攻撃方法", "content_type": 9, "codename": "add_attack_class"}}, {"model": "auth.permission", "pk": 34, "fields": {"name": "Can change 攻撃方法", "content_type": 9, "codename": "change_attack_class"}}, {"model": "auth.permission", "pk": 35, "fields": {"name": "Can delete 攻撃方法", "content_type": 9, "codename": "delete_attack_class"}}, {"model": "auth.permission", "pk": 36, "fields": {"name": "Can view 攻撃方法", "content_type": 9, "codename": "view_attack_class"}}, {"model": "auth.permission", "pk": 37, "fields": {"name": "Can add メイン", "content_type": 10, "codename": "add_main"}}, {"model": "auth.permission", "pk": 38, "fields": {"name": "Can change メイン", "content_type": 10, "codename": "change_main"}}, {"model": "auth.permission", "pk": 39, "fields": {"name": "Can delete メイン", "content_type": 10, "codename": "delete_main"}}, {"model": "auth.permission", "pk": 40, "fields": {"name": "Can view メイン", "content_type": 10, "codename": "view_main"}}, {"model": "auth.permission", "pk": 41, "fields": {"name": "Can add スペシャル", "content_type": 11, "codename": "add_special"}}, {"model": "auth.permission", "pk": 42, "fields": {"name": "Can change スペシャル", "content_type": 11, "codename": "change_special"}}, {"model": "auth.permission", "pk": 43, "fields": {"name": "Can delete スペシャル", "content_type": 11, "codename": "delete_special"}}, {"model": "auth.permission", "pk": 44, "fields": {"name": "Can view スペシャル", "content_type": 11, "codename": "view_special"}}, {"model": "auth.permission", "pk": 45, "fields": {"name": "Can add サブウェポン", "content_type": 12, "codename": "add_subweapon"}}, {"model": "auth.permission", "pk": 46, "fields": {"name": "Can change サブウェポン", "content_type": 12, "codename": "change_subweapon"}}, {"model": "auth.permission", "pk": 47, "fields": {"name": "Can delete サブウェポン", "content_type": 12, "codename": "delete_subweapon"}}, {"model": "auth.permission", "pk": 48, "fields": {"name": "Can view サブウェポン", "content_type": 12, "codename": "view_subweapon"}}, {"model": "auth.permission", "pk": 49, "fields": {"name": "Can add ブキ種", "content_type": 13, "codename": "add_weapon_class"}}, {"model": "auth.permission", "pk": 50, "fields": {"name": "Can change ブキ種", "content_type": 13, "codename": "change_weapon_class"}}, {"model": "auth.permission", "pk": 51, "fields": {"name": "Can delete ブキ種", "content_type": 13, "codename": "delete_weapon_class"}}, {"model": "auth.permission", "pk": 52, "fields": {"name": "Can view ブキ種", "content_type": 13, "codename": "view_weapon_class"}}, {"model": "auth.permission", "pk": 53, "fields": {"name": "Can add 重量", "content_type": 14, "codename": "add_weight"}}, {"model": "auth.permission", "pk": 54, "fields": {"name": "Can change 重量", "content_type": 14, "codename": "change_weight"}}, {"model": "auth.permission", "pk": 55, "fields": {"name": "Can delete 重量", "content_type": 14, "codename": "delete_weight"}}, {"model": "auth.permission", "pk": 56, "fields": {"name": "Can view 重量", "content_type": 14, "codename": "view_weight"}}, {"model": "auth.permission", "pk": 57, "fields": {"name": "Can add ブキ", "content_type": 15, "codename": "add_weapon"}}, {"model": "auth.permission", "pk": 58, "fields": {"name": "Can change ブキ", "content_type": 15, "codename": "change_weapon"}}, {"model": "auth.permission", "pk": 59, "fields": {"name": "Can delete ブキ", "content_type": 15, "codename": "delete_weapon"}}, {"model": "auth.permission", "pk": 60, "fields": {"name": "Can view ブキ", "content_type": 15, "codename": "view_weapon"}}, {"model": "auth.permission", "pk": 61, "fields": {"name": "Can add 射程", "content_type": 16, "codename": "add_range"}}, {"model": "auth.permission", "pk": 62, "fields": {"name": "Can change 射程", "content_type": 16, "codename": "change_range"}}, {"model": "auth.permission", "pk": 63, "fields": {"name": "Can delete 射程", "content_type": 16, "codename": "delete_range"}}, {"model": "auth.permission", "pk": 64, "fields": {"name": "Can view 射程", "content_type": 16, "codename": "view_range"}}, {"model": "auth.permission", "pk": 65, "fields": {"name": "Can add スキル", "content_type": 17, "codename": "add_aboutskills"}}, {"model": "auth.permission", "pk": 66, "fields": {"name": "Can change スキル", "content_type": 17, "codename": "change_aboutskills"}}, {"model": "auth.permission", "pk": 67, "fields": {"name": "Can delete スキル", "content_type": 17, "codename": "delete_aboutskills"}}, {"model": "auth.permission", "pk": 68, "fields": {"name": "Can view スキル", "content_type": 17, "codename": "view_aboutskills"}}, {"model": "auth.user", "pk": 1, "fields": {"password": "pbkdf2_sha256$320000$0l85fthcbFFTjFEvTEBXjl$syulChxNDNehUJE7a5s5XnXqMaKj6QCl8Ge0gIu+wcU=", "last_login": "2023-02-14T06:46:08.094Z", "is_superuser": true, "username": "nanahiryu", "first_name": "", "last_name": "", "email": "ryu2751x7@gmail.com", "is_staff": true, "is_active": true, "date_joined": "2022-03-04T08:31:29.586Z", "groups": [], "user_permissions": []}}, {"model": "contenttypes.contenttype", "pk": 1, "fields": {"app_label": "blog", "model": "category"}}, {"model": "contenttypes.contenttype", "pk": 2, "fields": {"app_label": "blog", "model": "diary"}}, {"model": "contenttypes.contenttype", "pk": 3, "fields": {"app_label": "admin", "model": "logentry"}}, {"model": "contenttypes.contenttype", "pk": 4, "fields": {"app_label": "auth", "model": "permission"}}, {"model": "contenttypes.contenttype", "pk": 5, "fields": {"app_label": "auth", "model": "group"}}, {"model": "contenttypes.contenttype", "pk": 6, "fields": {"app_label": "auth", "model": "user"}}, {"model": "contenttypes.contenttype", "pk": 7, "fields": {"app_label": "contenttypes", "model": "contenttype"}}, {"model": "contenttypes.contenttype", "pk": 8, "fields": {"app_label": "sessions", "model": "session"}}, {"model": "contenttypes.contenttype", "pk": 9, "fields": {"app_label": "spla", "model": "attack_class"}}, {"model": "contenttypes.contenttype", "pk": 10, "fields": {"app_label": "spla", "model": "main"}}, {"model": "contenttypes.contenttype", "pk": 11, "fields": {"app_label": "spla", "model": "special"}}, {"model": "contenttypes.contenttype", "pk": 12, "fields": {"app_label": "spla", "model": "subweapon"}}, {"model": "contenttypes.contenttype", "pk": 13, "fields": {"app_label": "spla", "model": "weapon_class"}}, {"model": "contenttypes.contenttype", "pk": 14, "fields": {"app_label": "spla", "model": "weight"}}, {"model": "contenttypes.contenttype", "pk": 15, "fields": {"app_label": "spla", "model": "weapon"}}, {"model": "contenttypes.contenttype", "pk": 16, "fields": {"app_label": "spla", "model": "range"}}, {"model": "contenttypes.contenttype", "pk": 17, "fields": {"app_label": "home", "model": "aboutskills"}}, {"model": "sessions.session", "pk": "034j8loeeoayvgoo7p7jytwsfqniqas2", "fields": {"session_data": "eyJmaXJzdCI6Nywic2Vjb25kIjoxOSwianVkZ2UiOiJcdTVkZTZcdWZmMDEifQ:1nmIXG:4u6XJFDDIc380Jxal5cbgATzMO04dnUP-RaBPZAkf1M", "expire_date": "2022-05-18T17:11:34.576Z"}}, {"model": "sessions.session", "pk": "03ri5f13e09p9pna9x8unrbearvs2c40", "fields": {"session_data": "eyJ3ZWFwb24iOjEwMywic3ViIjo3LCJzcCI6NH0:1nqqom:ljavF_4bdAKDsvPBltcO749drd5bkPqPZAVcEsOun8A", "expire_date": "2022-05-31T06:36:28.911Z"}}, {"model": "sessions.session", "pk": "1wooo1njamejpiyl97uvd1a8cec3izmi", "fields": {"session_data": "eyJmaXJzdCI6NTMsInNlY29uZCI6NjQsImp1ZGdlIjoiXHU1ZGU2XHVmZjAxIiwid2VhcG9uIjo5OSwic3ViIjoyLCJzcCI6MH0:1npnAS:db1HwgZZdt3TUZSyJBVa9jFuCjQSHN2K6AImKmh547k", "expire_date": "2022-05-28T08:30:28.940Z"}}, {"model": "sessions.session", "pk": "22gmeqijv5cpco3lkcbcsnut0b0hxxpr", "fields": {"session_data": "eyJ3ZWFwb24iOjY5LCJzdWIiOjAsInNwIjoxfQ:1nnrxo:317EdlHvO60lIHehayfr20t-0S-QAFdSj983KFhlarM", "expire_date": "2022-05-23T01:13:28.910Z"}}, {"model": "sessions.session", "pk": "26ywsehhcmbzs018svbxl109a2d2ork1", "fields": {"session_data": "eyJmaXJzdCI6NTcsInNlY29uZCI6MzYsImp1ZGdlIjoiXHU1ZGU2XHVmZjAxIn0:1nn20c:AsfZn5C5B0zFXeSLlY8vNS1IUCuYiagtmHef6-IwxXw", "expire_date": "2022-05-20T17:44:54.395Z"}}, {"model": "sessions.session", "pk": "2qyuo4wwoeq5azkth6zwtcrs49xh857n", "fields": {"session_data": "eyJ3ZWFwb24iOjgwLCJzdWIiOjEsInNwIjoyfQ:1nxWlj:zcnkjZydxySsQ8nBgfNpmqtOEV9ag6c19XNKfo8q-5I", "expire_date": "2022-06-18T16:36:55.923Z"}}, {"model": "sessions.session", "pk": "347thy97w9gsw6rbrj56tyhsiguneqh3", "fields": {"session_data": "eyJ3ZWFwb24iOjkxLCJzdWIiOjUsInNwIjozfQ:1nqqT0:eKGsI30fbyIw4ryHMV8osNdIggWbM5yGBkPk2lwL6_A", "expire_date": "2022-05-31T06:13:58.714Z"}}, {"model": "sessions.session", "pk": "4guqsxh25o44lk25uqho6dad8vg22ilw", "fields": {"session_data": ".eJxVjDsOwjAQBe_iGln-bYIp6XMGa71e4wCypTipEHeHSCmgfTPzXiLgtpawdV7CnMRFaHH63SLSg-sO0h3rrUlqdV3mKHdFHrTLqSV-Xg_376BgL98alBmZwQ6YQZ_RKOfIeJv0ANmDd2jJYnZMelQWTE5OG07eKzLROkDx_gDEAjc0:1pRp4q:u_6OCppsHXsTYPtfOB0c0Bk_uyGQ-0nL5NYMcB3pnO0", "expire_date": "2023-02-28T06:46:08.107Z"}}, {"model": "sessions.session", "pk": "5xbvv4znmoiey4xeocx7gnpz8mtzrt49", "fields": {"session_data": "eyJmaXJzdCI6ODAsInNlY29uZCI6MzEsImp1ZGdlIjoiXHU1ZGU2XHVmZjAxIn0:1nmQSq:xik4DdCW8mYvaOd6BQRS-OB_JIc9av9YqyV3_SRf2tw", "expire_date": "2022-05-19T01:39:32.439Z"}}, {"model": "sessions.session", "pk": "81t4un6qvuzrbmaa0i49g0q8dwmxn7ry", "fields": {"session_data": ".eJxVjMsOwiAQRf-FtSEFyqMu3fsNZJgZpGogKe3K-O_apAvd3nPOfYkI21ri1nmJM4mzUOL0uyXAB9cd0B3qrUlsdV3mJHdFHrTLayN-Xg7376BAL9_aBc8TErHi4JQ1AUOmARD8SM6iM5DIDCZnDkxJj0lPHIzV6D2gt168PwVBOKg:1npjho:YnNHerB_EIroxx5LnG70fZIi671tmwHRmRLW8GiUOcc", "expire_date": "2022-05-28T04:48:40.795Z"}}, {"model": "sessions.session", "pk": "8v5s1moabjd0kdcllziqnlrv9xx3toc2", "fields": {"session_data": "eyJmaXJzdCI6MTQsInNlY29uZCI6NTAsImp1ZGdlIjoiXHU1ZGU2XHVmZjAxIn0:1nwvV4:gx-FHMOolytiqfznYloLkzJvk1_J5EXNHjTZtcBY-B8", "expire_date": "2022-06-17T00:49:14.782Z"}}, {"model": "sessions.session", "pk": "9bivb825d8ama5a5eetjen0wqxevweza", "fields": {"session_data": "eyJ3ZWFwb24iOjY2LCJzdWIiOjAsInNwIjoxfQ:1nveUf:PFOOCKbdfelXzfQ1sy-LvD0QwTdaBlGZIkBchKo_q0w", "expire_date": "2022-06-13T12:27:33.759Z"}}, {"model": "sessions.session", "pk": "a69lm0cgfd6oe89oap3z2rteewyusxj1", "fields": {"session_data": "eyJ3ZWFwb24iOjEwNCwic3ViIjo4LCJzcCI6Mn0:1noRzO:8wXNKREg9-Ze613YR4Fl6lyyBuKI8-HJWPFQX465UWA", "expire_date": "2022-05-24T15:41:30.916Z"}}, {"model": "sessions.session", "pk": "abnd24y31alblw56l4lxncgtiamtz1c7", "fields": {"session_data": ".eJxVjMsOwiAQRf-FtSEFyqMu3fsNZJgZpGogKe3K-O_apAvd3nPOfYkI21ri1nmJM4mzUOL0uyXAB9cd0B3qrUlsdV3mJHdFHrTLayN-Xg7376BAL9_aBc8TErHi4JQ1AUOmARD8SM6iM5DIDCZnDkxJj0lPHIzV6D2gt168PwVBOKg:1nf01A:stRAoF3kDZ9HWZBg_rUHwNfHnO3V0p-WrNzSdx6bQOw", "expire_date": "2022-04-28T14:00:16.018Z"}}, {"model": "sessions.session", "pk": "alhvvfeujx6olz5k70xht0qssuogv7x2", "fields": {"session_data": "eyJmaXJzdCI6NTAsInNlY29uZCI6NzgsImp1ZGdlIjoiXHU1ZGU2XHVmZjAxIn0:1ns2VR:PXPLZkzUWTqO5wEa9ogLVCzn8h2B0JSnjEVi6BfDyYk", "expire_date": "2022-06-03T13:17:25.946Z"}}, {"model": "sessions.session", "pk": "c0c7nzg5ptvzfm08qqwa78y0kbjctgs7", "fields": {"session_data": "eyJmaXJzdCI6NTIsInNlY29uZCI6NDAsImp1ZGdlIjoiXHU1ZGU2XHVmZjAxIn0:1nvgn9:StBUA8k455aZZ24E0gc1EXhtzwzdqZ_IKqTMdAywFxg", "expire_date": "2022-06-13T14:54:47.859Z"}}, {"model": "sessions.session", "pk": "c2idoghbcnb3q5qjbjk1le0cin757b5p", "fields": {"session_data": "eyJ3ZWFwb24iOjg0LCJzdWIiOjEsInNwIjowfQ:1ns8tz:W7yNliHjRHIQ6V3espu4ropwGDVOs74nFGnCvdul1v4", "expire_date": "2022-06-03T20:07:11.476Z"}}, {"model": "sessions.session", "pk": "cdgqn9mo84sqn7egvl5kimjbqsa43z1l", "fields": {"session_data": "eyJmaXJzdCI6NTMsInNlY29uZCI6ODMsImp1ZGdlIjoiXHU1ZGU2XHVmZjAxIn0:1nmXeN:qPXzmqAFesC8nISGS5KPEdAkqax5tC99J8N393i47uQ", "expire_date": "2022-05-19T09:19:55.078Z"}}, {"model": "sessions.session", "pk": "cl4ws5sxob0rmft6gf8h9ioms0wb10ac", "fields": {"session_data": "eyJ3ZWFwb24iOjQ4LCJzdWIiOjEwLCJzcCI6MX0:1o028x:fvT77vGbZhUkVnN4ScBwPgV08aySViq1aMW0F0YOGhw", "expire_date": "2022-06-25T14:31:15.487Z"}}, {"model": "sessions.session", "pk": "cn7y15rjes481evjit7y143m3iqkxjdi", "fields": {"session_data": "eyJmaXJzdCI6MzYsInNlY29uZCI6MTEsImp1ZGdlIjoiXHU1M2YzXHVmZjAxIn0:1o06Pr:EFh37TF7cRecfO3Toz5nZnrzgAYSaub0BofwHzX2thM", "expire_date": "2022-06-25T19:04:59.552Z"}}, {"model": "sessions.session", "pk": "cyubppa7b0nktntqygl8gzy1gka7gi8y", "fields": {"session_data": "eyJmaXJzdCI6NjgsInNlY29uZCI6ODIsImp1ZGdlIjoiXHU1ZGU2XHVmZjAxIn0:1nvQUK:8mjk6kZHBkbfFaX90Tku5CaxkI419tZ2R2xZPYTBUMA", "expire_date": "2022-06-12T21:30:16.756Z"}}, {"model": "sessions.session", "pk": "d8ome8juahr9g15s9jm7xpleohfexmtz", "fields": {"session_data": "eyJ3ZWFwb24iOjU4LCJzdWIiOjAsInNwIjo0fQ:1noRPp:NKNWYLJYhh9UTsS-bpnrxJ2y7p73ZOfcNGiDx0s6dzY", "expire_date": "2022-05-24T15:04:45.102Z"}}, {"model": "sessions.session", "pk": "e32glzsswkzsf5brbqeembi34zomk4c3", "fields": {"session_data": "eyJmaXJzdCI6NDIsInNlY29uZCI6ODEsImp1ZGdlIjoiXHU1M2YzXHVmZjAxIn0:1ns2XL:bmiBaeYqQNrG4RA_ZeyFUnYuzEVT6gIMjoyCmzrEZiA", "expire_date": "2022-06-03T13:19:23.133Z"}}, {"model": "sessions.session", "pk": "eik0mrydheaplc5z22igt70pn0itv09d", "fields": {"session_data": "eyJ3ZWFwb24iOjQ2LCJzdWIiOjEsInNwIjo0fQ:1nnuxy:VtWpvn00cNtazATGykB-oJ0K0raDwMzUfFxjkVPyIs4", "expire_date": "2022-05-23T04:25:50.231Z"}}, {"model": "sessions.session", "pk": "f04ags7oznkx0rnxjeepe65hv2puk4tq", "fields": {"session_data": ".eJxVjMsOwiAQRf-FtSEFyqMu3fsNZJgZpGogKe3K-O_apAvd3nPOfYkI21ri1nmJM4mzUOL0uyXAB9cd0B3qrUlsdV3mJHdFHrTLayN-Xg7376BAL9_aBc8TErHi4JQ1AUOmARD8SM6iM5DIDCZnDkxJj0lPHIzV6D2gt168PwVBOKg:1nQ3M1:2oD9Tg4OxUAXa2Yvv1mwSQ_8D6ctbuakm7AHF4HwZ9Y", "expire_date": "2022-03-18T08:32:01.726Z"}}, {"model": "sessions.session", "pk": "gaxl317ql5w6k8mzjr4wijxs1pmsu50r", "fields": {"session_data": ".eJxVjMsOwiAQRf-FtSEFyqMu3fsNZJgZpGogKe3K-O_apAvd3nPOfYkI21ri1nmJM4mzUOL0uyXAB9cd0B3qrUlsdV3mJHdFHrTLayN-Xg7376BAL9_aBc8TErHi4JQ1AUOmARD8SM6iM5DIDCZnDkxJj0lPHIzV6D2gt168PwVBOKg:1o9h2j:CcBemLiICIaVWzw8shlWelTEKIAZTv9fuN1VXnR61oQ", "expire_date": "2022-07-22T06:00:45.080Z"}}, {"model": "sessions.session", "pk": "gjnxtx7dbo4k4u6kaoys6xaahr0tejn2", "fields": {"session_data": "eyJ3ZWFwb24iOjcxLCJzdWIiOjEyLCJzcCI6MTF9:1nqgxy:D6QQwbkofSO77Fp4EjtWkkEICYoeKiSPSHT-1FcsALI", "expire_date": "2022-05-30T20:05:18.168Z"}}, {"model": "sessions.session", "pk": "ifwizulja4lyzalwe0h4ojdi39br5nph", "fields": {"session_data": "eyJ3ZWFwb24iOjg5LCJzdWIiOjQsInNwIjoxfQ:1nr6HT:w4QUHQc-gGE4p4mi4KcZeybmvcY7UfZaV0lqpXpo28M", "expire_date": "2022-05-31T23:07:07.414Z"}}, {"model": "sessions.session", "pk": "intbbfzhamwkbita95pibo3c5jhxuf7m", "fields": {"session_data": "eyJ3ZWFwb24iOjIwLCJzdWIiOjIsInNwIjo2fQ:1nnhsE:umwq2meVwrOyiEuov_AGdH4Iy38EKDM0R3Kz6_lXjcs", "expire_date": "2022-05-22T14:27:02.721Z"}}, {"model": "sessions.session", "pk": "j2zltlln3aoq49zwuebja9rrlbam5zgh", "fields": {"session_data": "eyJmaXJzdCI6NDEsInNlY29uZCI6NTcsImp1ZGdlIjoiXHU1ZGU2XHVmZjAxIn0:1nupq1:2bCE5_LAla_EKK6XEaELilebSMti3YSM4C7bPbz1kxU", "expire_date": "2022-06-11T06:22:13.333Z"}}, {"model": "sessions.session", "pk": "jks5l6332jhtw86yx2sw7z3kb8x9zjwk", "fields": {"session_data": ".eJxVjDsOwjAQBe_iGln-bYIp6XMGa71e4wCypTipEHeHSCmgfTPzXiLgtpawdV7CnMRFaHH63SLSg-sO0h3rrUlqdV3mKHdFHrTLqSV-Xg_376BgL98alBmZwQ6YQZ_RKOfIeJv0ANmDd2jJYnZMelQWTE5OG07eKzLROkDx_gDEAjc0:1oGaGP:3eCjWzRE6KfkzSHz1v5TOC9EOLLbrPO7CU09t_JhuQA", "expire_date": "2022-08-10T06:11:21.305Z"}}, {"model": "sessions.session", "pk": "k06kl5ynjudjgco6c328x598ytjfk2sf", "fields": {"session_data": "eyJmaXJzdCI6MSwic2Vjb25kIjoyMiwianVkZ2UiOiJcdTUzZjNcdWZmMDEifQ:1nw6nN:mVK8Ztmvn_Rghlxp991JktOKAEO6E1i1mUa8OwYP8mw", "expire_date": "2022-06-14T18:40:45.213Z"}}, {"model": "sessions.session", "pk": "ka9eenfj1wfqtcbalz89mc01e59sgx9k", "fields": {"session_data": "eyJmaXJzdCI6NCwic2Vjb25kIjozOCwianVkZ2UiOiJcdTVkZTZcdWZmMDEifQ:1no7Wl:m9ioXbwugyq9WNQIBZTVhazllvClRQpVDjoIEiyvm24", "expire_date": "2022-05-23T17:50:35.662Z"}}, {"model": "sessions.session", "pk": "kdrhro5iqf9qkjrx8etnzxwid0knddan", "fields": {"session_data": ".eJxVj8EOgjAMht-lZ0KAuXVy9O4bmJBu7QA1QBiLB-O7OxIOemrT_-vfv2_oKG1Dl6Ks3cjQQg3F78yRf8i0C3ynqZ9LP0_bOrpyR8pDjeV1ZnleDvbPYKA45G1jUc6eWWqxptbKehu4Ik94YqO9UeRYVSoEscKuObnmLFbpxiOSR43ZNIxr3KBFLCBKjpFDoSngnriXfOGWtArqlkKo9h9eQss8QdtkJCaXm1wXaGv1-QKO1E37:1o1m61:hDJBCSTvy0CkMpEnaWgcDpd4eerYlxaB2BTndTYyoCk", "expire_date": "2022-06-30T09:47:25.727Z"}}, {"model": "sessions.session", "pk": "kyxfy9y17rw08uxxc45ubkr2cbc3k877", "fields": {"session_data": "eyJmaXJzdCI6MzYsInNlY29uZCI6NTIsImp1ZGdlIjoiXHU1M2YzXHVmZjAxIn0:1nnb3Q:cjfncE7IhXpiPpY2dwei9UUvP53BRBw7jNT_2103tnA", "expire_date": "2022-05-22T07:10:08.188Z"}}, {"model": "sessions.session", "pk": "l9plqtqv1wxad92fqvvbs36pu1x316oj", "fields": {"session_data": "eyJmaXJzdCI6ODIsInNlY29uZCI6MTgsImp1ZGdlIjoiXHU1M2YzXHVmZjAxIn0:1npiHz:UTL_0LQWVXHbX95BpNRQYHgi5YHRoHW4TjEdTJalu24", "expire_date": "2022-05-28T03:17:55.827Z"}}, {"model": "sessions.session", "pk": "lnu2pam31pdl26u4n57szb6itosvs61u", "fields": {"session_data": "eyJmaXJzdCI6MTgsInNlY29uZCI6ODAsImp1ZGdlIjoiXHU1ZGU2XHVmZjAxIn0:1ny3kQ:fCKhDk76-y5C9oBH-QXh3_HfoLCXGihZAjiNv5suBSE", "expire_date": "2022-06-20T03:49:46.221Z"}}, {"model": "sessions.session", "pk": "m5km6leaoliyoklwbnitl5p75gv12esm", "fields": {"session_data": "eyJmaXJzdCI6NTYsInNlY29uZCI6ODIsImp1ZGdlIjoiXHUzMDQyXHUzMDQ0XHUzMDUzXHVmZjAxIn0:1nmBMc:oV3-3g3xCwqohFxV7KDQiSHYgW0_H8cYNTMLs7IzMr0", "expire_date": "2022-05-18T09:32:06.681Z"}}, {"model": "sessions.session", "pk": "mtuaj09vqih0r9eov7bdlyu61alelon7", "fields": {"session_data": "eyJ3ZWFwb24iOjI4LCJzdWIiOjQsInNwIjoyLCJmaXJzdCI6MTMsInNlY29uZCI6MjUsImp1ZGdlIjoiXHU1ZGU2XHVmZjAxIn0:1o0cHU:HarZ_Ql-IV7XyHG0Qf58URWH2WS_Ckh2rpzkXqcvSpc", "expire_date": "2022-06-27T05:06:28.019Z"}}, {"model": "sessions.session", "pk": "nbl156tjbmkfz2rpy6sq2m7drh6dk6cf", "fields": {"session_data": "eyJ3ZWFwb24iOjEyOCwic3ViIjo2LCJzcCI6NH0:1nvfX5:kBXJwbJqpF8WcVV2RiKI8oVqGcvWOYTWRQszwHWvYG8", "expire_date": "2022-06-13T13:34:07.925Z"}}, {"model": "sessions.session", "pk": "nkn87ba5ctkkmpuut2kn0fsa6bmocor3", "fields": {"session_data": ".eJyrVkrLLCouUbIytNRRKk5Nzs9LUbIystBRyipNSU9VslKKKTU2MDECkyYg0tQ4pjQtzcBQSUepPDWxID9PycrYAKi1NAnIANIFQKOMagFvAxkU:1noRzY:iwOw6fnNlI7oxIYWybWKZRBks5P48fXkn_lCSgC1sE4", "expire_date": "2022-05-24T15:41:40.660Z"}}, {"model": "sessions.session", "pk": "np49b3xsrvwuvjcz475kugajq7mckvmc", "fields": {"session_data": "eyJmaXJzdCI6Miwic2Vjb25kIjo0MiwianVkZ2UiOiJcdTMwNDJcdTMwNDRcdTMwNTNcdWZmMDEifQ:1nuViu:vPfRI5bvyEGLVf3AeFYIrLszPMMGnm9yqsBr-AV8f14", "expire_date": "2022-06-10T08:53:32.877Z"}}, {"model": "sessions.session", "pk": "os31nsav4giqpvpkvyifej94gp5b85sm", "fields": {"session_data": "eyJmaXJzdCI6MjEsInNlY29uZCI6MzcsImp1ZGdlIjoiXHU1M2YzXHVmZjAxIn0:1nwYXw:aM0ZvEI4tNQNxJUeqsYcpXwP3uqJKLDErekdHs42e7o", "expire_date": "2022-06-16T00:18:40.510Z"}}, {"model": "sessions.session", "pk": "plpoont757j05y1bxg15v05j3b9isinf", "fields": {"session_data": "eyJ3ZWFwb24iOjgwLCJzdWIiOjEsInNwIjoyfQ:1nnvgY:jmpmV6aA4m6R9RNE4XG6a2nTaW5dRyPcZr5sxHY8-yg", "expire_date": "2022-05-23T05:11:54.283Z"}}, {"model": "sessions.session", "pk": "pvx737jw8helzxr8hk4uoncocd5tcq08", "fields": {"session_data": "eyJmaXJzdCI6NjksInNlY29uZCI6NDIsImp1ZGdlIjoiXHU1M2YzXHVmZjAxIiwid2VhcG9uIjo1MSwic3ViIjoxMSwic3AiOjExfQ:1nyOai:r8DfimvXDLGvkiguQJQcNEpq9agpBsCp4wTcmyNI0LU", "expire_date": "2022-06-21T02:05:08.594Z"}}, {"model": "sessions.session", "pk": "pwylb31cf9q0e11hyzgvxj9orkcru9ib", "fields": {"session_data": "eyJ3ZWFwb24iOjQ3LCJzdWIiOjEwLCJzcCI6MTJ9:1nvOT4:VY8gQLeqPOa_5-6-F0D4Ne4GKInscZgm8TP0ghihioA", "expire_date": "2022-06-12T19:20:50.829Z"}}, {"model": "sessions.session", "pk": "qd0yu76am51p73fkc6arpgnrxq99om2k", "fields": {"session_data": "eyJmaXJzdCI6NTksInNlY29uZCI6ODAsImp1ZGdlIjoiXHU1ZGU2XHVmZjAxIn0:1nqx8G:evVE65MV3f-VWPgeB59oWIPiy5_x6oGE1_ZImEYZaw0", "expire_date": "2022-05-31T13:21:00.630Z"}}, {"model": "sessions.session", "pk": "qjp6x8brci4pxssa4h9eee3ay3fejxxq", "fields": {"session_data": ".eJxVjMsOwiAQRf-FtSEFyqMu3fsNZJgZpGogKe3K-O_apAvd3nPOfYkI21ri1nmJM4mzUOL0uyXAB9cd0B3qrUlsdV3mJHdFHrTLayN-Xg7376BAL9_aBc8TErHi4JQ1AUOmARD8SM6iM5DIDCZnDkxJj0lPHIzV6D2gt168PwVBOKg:1nRxjl:OVB64PreAvzSwIXlOln79RoccxBt8mCmL1VK0Y-Mn8I", "expire_date": "2022-03-23T14:56:25.466Z"}}, {"model": "sessions.session", "pk": "rkaeux8an0fua7tf97wi0k1gpppsszjd", "fields": {"session_data": "eyJmaXJzdCI6MTYsInNlY29uZCI6NiwianVkZ2UiOiJcdTUzZjNcdWZmMDEifQ:1nt6q1:NHji5B5RYBNl-WGQshMuG9dFhPBo0S45HXtSBDCSEco", "expire_date": "2022-06-06T12:07:05.849Z"}}, {"model": "sessions.session", "pk": "rmgmujtsfxnq43cxnueczssu1enkhm4c", "fields": {"session_data": "eyJmaXJzdCI6MzksInNlY29uZCI6MzQsImp1ZGdlIjoiXHU1ZGU2XHVmZjAxIn0:1nmdp7:lt7v0lu6jD31BlrkQs_mfNTXvhr3MZXyKJNCOpjj_lE", "expire_date": "2022-05-19T15:55:25.401Z"}}, {"model": "sessions.session", "pk": "seubtiu1dyts1rox9aeoxnl8tw6upz09", "fields": {"session_data": "eyJmaXJzdCI6MTUsInNlY29uZCI6MjcsImp1ZGdlIjoiXHU1ZGU2XHVmZjAxIn0:1nwOjb:1DsBpVUpOH_x7mpee_l4_ZVVxE9zKm60ybP1WmwDYXo", "expire_date": "2022-06-15T13:50:03.700Z"}}, {"model": "sessions.session", "pk": "sqf7bj8mfuen8fx9jpqtslw8fn58eapn", "fields": {"session_data": "eyJmaXJzdCI6NzgsInNlY29uZCI6MjksImp1ZGdlIjoiXHU1M2YzXHVmZjAxIn0:1nrKsS:UeknFYioem8fY9I0cQ9toguHx0Itk_WCHfET-4ydbCY", "expire_date": "2022-06-01T14:42:16.423Z"}}, {"model": "sessions.session", "pk": "tafdb0x2fdhynpmg2sgs2ogzml2k6w43", "fields": {"session_data": "eyJmaXJzdCI6NDQsInNlY29uZCI6NCwianVkZ2UiOiJcdTUzZjNcdWZmMDEifQ:1nnOPv:VM-4D7our3jpLIH3eP-F4ulPldOJ1l5VCMVhiEGLXfU", "expire_date": "2022-05-21T17:40:31.245Z"}}, {"model": "sessions.session", "pk": "ti2j0gfdsb69skbjxi181lajatv8ea5e", "fields": {"session_data": "eyJ3ZWFwb24iOjczLCJzdWIiOjExLCJzcCI6MTJ9:1noROf:-1-x6DuydjR705t0ejtu-V9x6zTHwA-yZrdMa7UIwz4", "expire_date": "2022-05-24T15:03:33.963Z"}}, {"model": "sessions.session", "pk": "uqibukcc3al2d0njk5sjwgyfle4t3o2n", "fields": {"session_data": "eyJ3ZWFwb24iOjEyNCwic3ViIjoxMCwic3AiOjh9:1nrKLb:xiJgRE-_xcNgxbE3kf8gHXzDPXtOtYL8E75yQbxkd_E", "expire_date": "2022-06-01T14:08:19.297Z"}}, {"model": "sessions.session", "pk": "xsswxlk2yp3uie0cvnkq8fjc0zt9hvs8", "fields": {"session_data": "eyJ3ZWFwb24iOjQ4LCJzdWIiOjEwLCJzcCI6MX0:1nwOiE:oGLLkXJECpNoIk_9mRDCrqpWfg68SCmrjpR_Oa_pUMs", "expire_date": "2022-06-15T13:48:38.534Z"}}, {"model": "sessions.session", "pk": "ytyghi7h379t1r6jdrm69r53ket4upmc", "fields": {"session_data": "eyJ3ZWFwb24iOjc5LCJzdWIiOjQsInNwIjoxMX0:1nzBQT:G26DVC0SI6X9YB4QxHSoz5VLCWmQKf9WLZwlONnravg", "expire_date": "2022-06-23T06:13:49.075Z"}}]